,Network,avg_invasion_time_beta0.1,avg_invasion_time_beta0.05,avg_prop_infected_beta0.1,avg_prop_infected_beta0.05,no_invasion_beta0.1,no_invasion_beta0.05,Fiedler,Adj_val,Rnot,network_size,most_infected_node,Modularity,Mean_degree,Centrality,transitivity.gcc_s..type....global..,Diameter
1,aves_barn_swallow_contact_network,2.693877551,5.0375,0.25090036,0.669852941,51,20,0.735768791,7.407419963,0.134999771,17,3,0.175685297,0.389705882,7.407419963,0.47277937,4
2,aves_weaver_social_04,3.058823529,5.833333333,0.264705882,0.558333333,83,40,0.295986931,4.26465208,0.234485717,10,8,0.397506925,0.422222222,4.26465208,0.775862069,4
3,aves_weaver_social_05,3.588235294,5.985074627,0.248868778,0.460390356,83,33,0.171206681,4.115556628,0.242980498,13,1,0.425207756,0.243589744,4.115556628,0.634615385,6
4,aves_weaver_social_06,2.542857143,3.057471264,0.239097744,0.619479734,65,13,0.37356353,7.770648666,0.128689385,19,3,0.389282227,0.374269006,7.770648666,0.753731343,4
5,aves_weaver_social_07,3.3,5.386363636,0.52,0.781818182,90,56,2,3.323404276,0.300896285,5,2,0,0.8,3.323404276,0.789473684,2
6,aves_weaver_social_08,2.746031746,2.815217391,0.244897959,0.679736025,37,8,1.629160029,9.91958892,0.100810629,28,23,0.297958412,0.304232804,9.91958892,0.560856865,3
7,aves_weaver_social_09,2.714285714,3.871428571,0.3125,0.733333333,72,30,0.926274144,6.759785131,0.147933696,12,8,0.152777778,0.545454545,6.759785131,0.695652174,3
8,aves_weaver_social_10,2.823529412,6.578125,0.176470588,0.404017857,83,36,0.182175588,4.259083762,0.234792283,14,2,0.38875,0.21978022,4.259083762,0.55,6
9,aves_weaver_social_11,3.034482759,3.051546392,0.150512582,0.52438005,42,3,0.114868924,8.155153974,0.122621842,37,29,0.477249063,0.147147147,8.155153974,0.503816794,7
10,aves_weaver_social_12,3,3.617021277,0.197200243,0.55730954,47,6,0.332273562,8.713098945,0.114769728,31,24,0.395725154,0.195698925,8.713098945,0.557926829,6
11,aves_weaver_social_13,2.490566038,2.835164835,0.277428372,0.643060643,47,9,0.369790128,11.93399053,0.083794268,27,14,0.227073381,0.321937322,11.93399053,0.726739313,6
12,aves_weaver_social_14,2.628571429,3.929824561,0.418181818,0.728867624,65,43,2.941186416,7.456624992,0.13410893,11,1,0.049515235,0.690909091,7.456624992,0.764940239,2
13,aves_weaver_social_15,2.75,6.063492063,0.33,0.66031746,80,37,0.969890492,6.09209043,0.164147268,10,8,0.036242604,0.577777778,6.09209043,0.717391304,3
14,aves_weaver_social_16,4.095238095,3.316326531,0.146081349,0.499681122,37,2,0.272386333,9.289051207,0.107653621,64,24,0.549267452,0.087797619,9.289051207,0.477532369,6
15,aves_weaver_social_17,3.181818182,5.735294118,0.378787879,0.676470588,89,66,1,3.261802245,0.306578978,6,1,0.166666667,0.6,3.261802245,0.714285714,2
16,aves_weaver_social_18,2.5,7.685714286,0.404761905,0.723809524,86,65,1,4.051374242,0.246829826,6,3,0.033057851,0.733333333,4.051374242,0.882352941,2
17,aves_weaver_social_19,2.954545455,3.620253165,0.342245989,0.725986597,56,21,2.645817297,9.429561197,0.106049473,17,10,0.161674271,0.522058824,9.429561197,0.679802956,2
18,aves_weaver_social_20,2.9,3.616438356,0.346428571,0.770058708,60,27,3.6126504,9.533422492,0.104894124,14,9,0.132023933,0.681318681,9.533422492,0.797752809,2
19,aves_weaver_social_21,2.485714286,2.986842105,0.367346939,0.757518797,65,24,3.475528595,9.034895489,0.110681967,14,10,0.091409037,0.637362637,9.034895489,0.728033473,2
20,aves_weaver_social_22,3.176470588,4.086419753,0.204248366,0.560699588,49,19,0.517467052,7.210095518,0.138694418,24,23,0.355228928,0.224637681,7.210095518,0.544080605,4
21,aves_wildbird_network_1,2.11,2.03,0.421679389,0.776564885,0,0,0.044331295,33.22709409,0.030095921,131,113,0.551513906,0.169583089,33.22709409,0.685667793,6
22,aves_wildbird_network_2,2.051020408,2.21,0.544425087,0.802317073,2,0,0.944366693,37.73192358,0.026502757,82,7,0.202335817,0.352303523,37.73192358,0.639815007,3
23,aves_wildbird_network_3,2.071428571,2.03,0.42095886,0.732936508,2,0,0.476941021,42.10728445,0.02374886,126,76,0.336621457,0.205079365,42.10728445,0.68202765,6
24,aves_wildbird_network_4,2.030927835,2,0.575324243,0.815698925,3,0,1.655735073,48.76288679,0.020507399,93,83,0.143560657,0.394810659,48.76288679,0.716316652,4
25,aves_wildbird_network_5,2.01,2,0.50937931,0.782137931,0,0,0.847557873,53.93080581,0.018542278,145,81,0.323025513,0.240613027,53.93080581,0.711056259,4
26,aves_wildbird_network_6,2,2,0.540955882,0.811102941,0,0,0.906801959,60.41345515,0.016552604,136,117,0.258474794,0.304793028,60.41345515,0.767340615,4
27,aves_wildbird_network,2.01,2,0.555643564,0.821881188,0,0,1.296632339,72.92494172,0.01371273,202,89,0.303643084,0.225309098,72.92494172,0.702732867,4
28,fish_guppy_familiar_1,3,5.225,0.486111111,0.804166667,88,60,6,5,0.2,6,2,0,1,5,1,1
29,fish_guppy_familiar_10,2.083333333,4.568181818,0.472222222,0.746212121,88,56,6,5,0.2,6,2,0,1,5,1,1
30,fish_guppy_familiar_2,2.230769231,5.114285714,0.461538462,0.738095238,87,65,6,5,0.2,6,2,0,1,5,1,1
31,fish_guppy_familiar_4,2.583333333,4.958333333,0.458333333,0.798611111,88,52,6,5,0.2,6,2,0,1,5,1,1
32,fish_guppy_familiar_5,2.714285714,4.487804878,0.452380952,0.845528455,86,59,6,5,0.2,6,2,0,1,5,1,1
33,fish_guppy_familiar_6,2.8,5.069767442,0.544444444,0.790697674,85,57,6,5,0.2,6,2,0,1,5,1,1
34,fish_guppy_familiar_7,2.714285714,4.622222222,0.464285714,0.766666667,86,55,6,5,0.2,6,2,0,1,5,1,1
35,fish_guppy_familiar_8,2.8,5.697674419,0.483333333,0.779069767,90,57,6,5,0.2,6,2,0,1,5,1,1
36,fish_guppy_familiar_9,2.583333333,4.130434783,0.444444444,0.829710145,88,54,6,5,0.2,6,2,0,1,5,1,1
37,fish_stickleback_group_1,2.675675676,3.203389831,0.459459459,0.783050847,63,41,10,9,0.111111111,10,2,0,1,9,1,1
38,fish_stickleback_group_2,3.15625,3.606060606,0.475,0.834848485,68,34,10,9,0.111111111,10,2,0,1,9,1,1
39,fish_stickleback_group_3,2.676470588,3.25,0.444117647,0.798214286,66,44,10,9,0.111111111,10,2,0,1,9,1,1
40,fish_stickleback_group_4,2.78125,3.385714286,0.43125,0.822857143,68,30,10,9,0.111111111,10,2,0,1,9,1,1
41,fish_stickleback_group_5,2.806451613,3.24137931,0.419354839,0.806896552,69,42,10,9,0.111111111,10,2,0,1,9,1,1
42,fish_stickleback_group_6,2.633333333,3.616666667,0.476666667,0.803333333,70,40,10,9,0.111111111,10,2,0,1,9,1,1
43,fish_stickleback_group_7,2.741935484,3.078125,0.403225806,0.8234375,69,36,10,9,0.111111111,10,2,0,1,9,1,1
44,insecta_ant_colony1_day01,2,2,0.783766872,0.944690265,1,0,37.84823287,82.7382177,0.012086313,113,60,0.13891344,0.719026549,82.7382177,0.785725994,2
45,insecta_ant_colony1_day02,2,2,0.775811209,0.94,1,0,25.96124586,83.66146765,0.011952934,113,30,0.130599777,0.722661188,83.66146765,0.79731615,2
46,insecta_ant_colony1_day03,2,2,0.774867257,0.938584071,0,0,22.99494099,82.78558123,0.012079398,113,18,0.132560541,0.708438685,82.78558123,0.798995882,3
47,insecta_ant_colony1_day04,2,2,0.762389381,0.935575221,0,0,22.21180312,75.71876326,0.013206766,113,108,0.17438092,0.646965866,75.71876326,0.752609367,3
48,insecta_ant_colony1_day05,2,2,0.757699115,0.93619469,0,0,23.40736832,76.637265,0.013048482,113,11,0.163493618,0.655657396,76.637265,0.754118406,2
49,insecta_ant_colony1_day06,2,2,0.758648431,0.930353982,1,0,20.58559092,79.25643489,0.012617272,113,31,0.141569355,0.673040455,79.25643489,0.774228764,3
50,insecta_ant_colony1_day07,2,2,0.756460177,0.930707965,0,0,21.96799071,75.48331701,0.01324796,113,29,0.165655382,0.644279393,75.48331701,0.746080139,3
51,insecta_ant_colony1_day08,2,2,0.757933315,0.935752212,1,0,22.48972979,75.84828425,0.013184214,113,108,0.151402517,0.644121365,75.84828425,0.74709243,3
52,insecta_ant_colony1_day09,2,2,0.752920354,0.933097345,0,0,24.47303739,76.69639259,0.013038423,113,32,0.158314713,0.652338812,76.69639259,0.755793735,3
53,insecta_ant_colony1_day10,2,2,0.745044248,0.92840708,0,0,24.18511727,73.51890766,0.013601943,113,68,0.1730364,0.623103666,73.51890766,0.736104768,3
54,insecta_ant_colony1_day11,2,2,0.723185841,0.926814159,0,0,19.98609969,65.38206752,0.015294714,113,63,0.204743022,0.545828066,65.38206752,0.681601283,3
55,insecta_ant_colony1_day12,2,2,0.742020202,0.931717172,0,0,19.61727773,68.84048095,0.014526337,99,76,0.117286225,0.66955267,68.84048095,0.755794085,2
56,insecta_ant_colony1_day13,2.01,2,0.736868687,0.92969697,0,0,19.97490383,68.99451429,0.014493906,99,67,0.126973759,0.670377242,68.99451429,0.762805898,2
57,insecta_ant_colony1_day14,2,2,0.751147842,0.934444444,1,0,25.20113404,71.60470571,0.013965563,99,95,0.113131763,0.700680272,71.60470571,0.778479667,3
58,insecta_ant_colony1_day15,2,2,0.750909091,0.929191919,0,0,22.46400769,69.67429512,0.014352495,99,54,0.132324933,0.680478252,69.67429512,0.76999505,2
59,insecta_ant_colony1_day16,2,2,0.754586683,0.92959596,2,0,23.71222778,71.57369477,0.013971613,99,81,0.122060418,0.700267986,71.57369477,0.785286227,2
60,insecta_ant_colony1_day17,2,2,0.756249362,0.937070707,1,0,26.37609757,70.54055895,0.014176242,99,98,0.123730187,0.688930118,70.54055895,0.775867192,2
61,insecta_ant_colony1_day18,2,2,0.758392001,0.933737374,1,0,26.95291822,71.8507534,0.013917739,99,69,0.111479424,0.705627706,71.8507534,0.779213543,2
62,insecta_ant_colony1_day19,2,2,0.736969697,0.926767677,0,0,23.07969953,68.15406385,0.014672639,99,78,0.134612689,0.65883323,68.15406385,0.762512954,2
63,insecta_ant_colony1_day20,2,2,0.738484848,0.928989899,0,0,22.64432044,66.73465131,0.014984719,99,25,0.160516636,0.64873222,66.73465131,0.753014265,3
64,insecta_ant_colony1_day21,2,2,0.747168656,0.93010101,1,0,23.72825921,69.37277027,0.014414878,99,54,0.139173897,0.673263245,69.37277027,0.773975366,2
65,insecta_ant_colony1_day22,2,2,0.713520408,0.92225,2,0,22.20859558,58.84437257,0.016993978,80,24,0.103354446,0.718037975,58.84437257,0.784348223,2
66,insecta_ant_colony1_day23,2.01,2,0.71425,0.925375,0,0,19.90595077,58.40141634,0.017122872,80,2,0.104909074,0.710759494,58.40141634,0.782105516,2
67,insecta_ant_colony1_day24,2,2,0.723840206,0.933875,3,0,22.64950307,61.34773132,0.016300521,80,15,0.09635176,0.750632911,61.34773132,0.81492456,2
68,insecta_ant_colony1_day25,2,2,0.701804124,0.918375,3,0,19.53591969,55.26260896,0.018095418,80,55,0.122022635,0.669936709,55.26260896,0.748863419,2
69,insecta_ant_colony1_day26,2.02020202,2,0.701388889,0.918375,1,0,15.13545631,55.98178217,0.017862954,80,70,0.119558379,0.676265823,55.98178217,0.761381355,3
70,insecta_ant_colony1_day27,2,2,0.697164948,0.914,3,0,14.98082678,53.43519431,0.018714258,80,17,0.146874582,0.636075949,53.43519431,0.75581473,2
71,insecta_ant_colony1_day28,2.010309278,2.01,0.712371134,0.918,3,0,9.789613021,56.58518598,0.01767247,80,39,0.117153941,0.678164557,56.58518598,0.775929558,3
72,insecta_ant_colony1_day29,2,2,0.707575758,0.92025,1,0,4.932012842,58.4159707,0.017118606,80,11,0.1163061,0.702848101,58.4159707,0.796519853,3
73,insecta_ant_colony1_day30,2,2,0.70369898,0.917125,2,0,11.81025547,58.40392558,0.017122137,80,66,0.109760166,0.702531646,58.40392558,0.795957326,2
74,insecta_ant_colony1_day31,2.01,2,0.673875,0.905125,0,0,8.704015672,50.30653859,0.019878132,80,12,0.153356198,0.59556962,50.30653859,0.717568666,3
75,insecta_ant_colony1_day32,2.052631579,2.02,0.642669173,0.893571429,5,0,1.982478679,40.91554337,0.02444059,56,31,0.089938137,0.707792208,40.91554337,0.786300614,3
76,insecta_ant_colony1_day33,2.020618557,2,0.638991163,0.883571429,3,0,0.997205408,40.7520795,0.024538625,56,21,0.090429512,0.702597403,40.7520795,0.787909788,3
77,insecta_ant_colony1_day34,2.010309278,2.01,0.65224595,0.891607143,3,0,0.997652594,42.28687791,0.023647998,56,5,0.081617362,0.725974026,42.28687791,0.819812793,3
78,insecta_ant_colony1_day35,2.010526316,2.02,0.665225564,0.904821429,5,0,3.901998883,45.22965212,0.02210939,56,4,0.063089953,0.785714286,45.22965212,0.862958394,3
79,insecta_ant_colony1_day36,2.030927835,2.02,0.64488218,0.883392857,3,0,1.921466459,41.4514566,0.024124605,56,32,0.086398201,0.703246753,41.4514566,0.819474986,3
80,insecta_ant_colony1_day37,2.032258065,2.02,0.667839687,0.903090909,7,0,10.5826665,43.77224985,0.022845524,55,33,0.074632503,0.77979798,43.77224985,0.848659894,2
81,insecta_ant_colony1_day38,2,2.01,0.645706687,0.888214286,6,0,0.989791667,42.72092638,0.023407732,56,7,0.073999033,0.736363636,42.72092638,0.822650205,3
82,insecta_ant_colony1_day39,2.044444444,2.04,0.651919192,0.897818182,10,0,7.263239802,41.92351446,0.023852962,55,22,0.07475295,0.744781145,41.92351446,0.813247023,2
83,insecta_ant_colony1_day40,2.030612245,2.01,0.662894249,0.908363636,2,0,6.888624129,41.34300842,0.024187887,55,4,0.083182241,0.736700337,41.34300842,0.800584319,2
84,insecta_ant_colony1_day41,2.043956044,2.01,0.671128871,0.905090909,9,0,11.4893385,42.50561904,0.023526301,55,7,0.086185836,0.76026936,42.50561904,0.821132833,2
85,insecta_ant_colony1,2,2,0.786978508,0.949646018,2,0,66.78303082,108.5973658,0.009208326,113,10,0.012786506,0.96602402,108.5973658,0.973197061,2
86,insecta_ant_colony2_day01,2,2,0.788778626,0.944045802,0,0,24.57926327,103.5645786,0.009655811,131,77,0.081909417,0.774045802,103.5645786,0.8279649,2
87,insecta_ant_colony2_day02,2,2,0.793970237,0.942442748,1,0,19.53590753,102.0757456,0.009796647,131,108,0.087730166,0.759130945,102.0757456,0.821801715,2
88,insecta_ant_colony2_day03,2,2,0.788091603,0.943740458,0,0,36.20919834,102.1408851,0.009790399,131,100,0.08309183,0.763006459,102.1408851,0.816920259,2
89,insecta_ant_colony2_day04,2,2,0.790152672,0.93778626,0,0,18.70030824,98.30184786,0.010172749,131,37,0.100770205,0.727891955,98.30184786,0.799057949,2
90,insecta_ant_colony2_day05,2,2,0.789465649,0.942748092,0,0,17.71612116,94.5324335,0.01057838,131,17,0.099191283,0.695948326,94.5324335,0.773071547,3
91,insecta_ant_colony2_day06,2,2,0.784198473,0.936946565,0,0,17.24483866,95.05235222,0.010520518,131,101,0.106098599,0.69994128,95.05235222,0.776963011,2
92,insecta_ant_colony2_day07,2,2,0.781603053,0.939694656,0,0,9.80174851,100.3996086,0.009960198,131,103,0.077212392,0.739048738,100.3996086,0.813890612,3
93,insecta_ant_colony2_day08,2,2,0.78519084,0.938854962,0,0,19.88694817,97.278293,0.010279786,131,41,0.087037307,0.713799178,97.278293,0.796199069,3
94,insecta_ant_colony2_day09,2,2,0.788015267,0.944732824,0,0,23.81488993,101.1017193,0.009891029,131,113,0.079317727,0.748678802,101.1017193,0.81701575,2
95,insecta_ant_colony2_day10,2,2,0.77480916,0.931450382,0,0,11.93276049,92.51963243,0.010808517,131,47,0.109579905,0.666940693,92.51963243,0.777582934,3
96,insecta_ant_colony2_day11,2,2,0.781679389,0.930534351,0,0,18.94218307,92.11487217,0.01085601,131,117,0.097018587,0.669876688,92.11487217,0.761721909,3
97,insecta_ant_colony2_day12,2,2,0.755765766,0.928378378,0,0,13.86352566,72.93593833,0.013710662,111,18,0.129135478,0.623751024,72.93593833,0.730541973,3
98,insecta_ant_colony2_day13,2,2,0.751842752,0.927837838,1,0,15.83361725,74.79046629,0.013370688,111,102,0.128591969,0.643570844,74.79046629,0.742778899,3
99,insecta_ant_colony2_day14,2,2,0.751711712,0.927297297,0,0,19.22668163,75.20784022,0.013296486,111,68,0.113464509,0.643734644,75.20784022,0.744268866,3
100,insecta_ant_colony2_day15,2,2,0.743963964,0.925855856,0,0,5.971437427,76.65790772,0.013044969,111,56,0.116588178,0.650614251,76.65790772,0.769198852,3
101,insecta_ant_colony2_day16,2,2,0.746486486,0.923513514,0,0,2.98557802,78.30615219,0.012770389,111,45,0.121837989,0.661916462,78.30615219,0.79359449,3
102,insecta_ant_colony2_day17,2,2,0.750540541,0.924774775,0,0,7.953938484,76.0428136,0.013150487,111,91,0.129998515,0.642260442,76.0428136,0.774605503,3
103,insecta_ant_colony2_day18,2,2,0.746756757,0.924504505,0,0,1.988189516,73.68647632,0.013571011,111,21,0.141180127,0.626535627,73.68647632,0.746730857,3
104,insecta_ant_colony2_day19,2.01,2,0.728378378,0.925855856,0,0,5.961731733,72.57333902,0.013779165,111,56,0.149465965,0.613104013,72.57333902,0.747522272,3
105,insecta_ant_colony2_day20,2,2,0.757117117,0.931801802,0,0,16.7314437,74.98927345,0.013335241,111,53,0.130427929,0.639148239,74.98927345,0.752243541,3
106,insecta_ant_colony2_day21,2,2,0.738918919,0.925405405,0,0,5.962026282,74.62838709,0.013399727,111,49,0.155769157,0.629484029,74.62838709,0.773495033,3
107,insecta_ant_colony2_day22,2,2,0.701851852,0.914555556,4,0,9.874385013,60.06048317,0.016649883,90,23,0.132559985,0.625967541,60.06048317,0.758599793,3
108,insecta_ant_colony2_day23,2.010204082,2,0.708843537,0.913333333,2,0,12.55130143,62.21685635,0.016072815,90,67,0.109341699,0.650436954,62.21685635,0.769393739,3
109,insecta_ant_colony2_day24,2,2,0.689786756,0.907333333,1,0,8.817694083,56.08707365,0.01782942,90,4,0.141864841,0.57752809,56.08707365,0.724379548,3
110,insecta_ant_colony2_day25,2.02,2,0.682222222,0.902111111,0,0,4.836429454,56.78377493,0.017610664,90,31,0.151283715,0.583270911,56.78377493,0.73479569,3
111,insecta_ant_colony2_day26,2,2,0.682359551,0.89752809,0,0,0.993847803,57.58989083,0.017364159,89,13,0.129750302,0.600357508,57.58989083,0.739405129,3
112,insecta_ant_colony2_day27,2,2,0.690674157,0.894606742,0,0,2.904742674,59.24313572,0.016879593,89,64,0.127038478,0.6113381,59.24313572,0.773018976,3
113,insecta_ant_colony2_day28,2.010309278,2,0.670805998,0.901818182,3,0,4.948728424,54.64438848,0.018300141,88,69,0.143240124,0.573406479,54.64438848,0.723444779,3
114,insecta_ant_colony2_day29,2.01010101,2,0.690387016,0.897752809,1,0,1.984633324,58.04496387,0.017228023,89,4,0.124930454,0.605975485,58.04496387,0.742175425,3
115,insecta_ant_colony2_day30,2.020408163,2,0.694805195,0.905795455,2,0,4.809768957,59.06023123,0.016931867,88,62,0.110706944,0.627220481,59.06023123,0.750356901,3
116,insecta_ant_colony2_day31,2,2,0.658505747,0.898177174,0,1,7.449014061,50.14267336,0.019943093,87,65,0.138148477,0.536754878,50.14267336,0.657722214,3
117,insecta_ant_colony2_day32,2.120879121,2.01010101,0.611595301,0.885579937,9,1,5.744489427,37.17621651,0.026898918,58,24,0.10879371,0.614035088,37.17621651,0.698726514,3
118,insecta_ant_colony2_day33,2.064516129,2.19,0.627919911,0.873275862,7,0,3.494744734,40.62885574,0.024613049,58,11,0.078188751,0.656987296,40.62885574,0.778106854,3
119,insecta_ant_colony2_day34,2.076923077,2.02,0.631299735,0.882068966,9,0,5.322829576,39.57028092,0.025271491,58,32,0.091510685,0.641863279,39.57028092,0.759167444,3
120,insecta_ant_colony2_day35,2.042553191,2.01,0.614636831,0.870172414,6,0,5.182100292,37.39538741,0.026741266,58,15,0.120810809,0.599516031,37.39538741,0.7346785,3
121,insecta_ant_colony2_day36,2.052631579,2.03,0.620689655,0.856724138,5,0,3.608728887,38.76572522,0.025795983,58,7,0.085652163,0.614035088,38.76572522,0.764887064,3
122,insecta_ant_colony2_day37,2.063157895,2.03,0.606352087,0.874655172,5,0,5.085252,34.546009,0.028946904,58,33,0.151075728,0.561403509,34.546009,0.680241571,3
123,insecta_ant_colony2_day38,2.043010753,2.03,0.60252132,0.859310345,7,0,3.328474147,37.11696402,0.026941859,58,16,0.098111431,0.582577132,37.11696402,0.743587507,3
124,insecta_ant_colony2_day39,2.095744681,2.05,0.578870139,0.869655172,6,0,4.274533302,33.24603475,0.030078775,58,28,0.156375341,0.531760436,33.24603475,0.672735061,3
125,insecta_ant_colony2_day40,2.064516129,2.06,0.603633667,0.86637931,7,0,5.06363181,33.77549169,0.029607267,58,4,0.142163478,0.541439806,33.77549169,0.677455932,3
126,insecta_ant_colony2_day41,2.108695652,2.02,0.613943028,0.875862069,8,0,5.546324716,34.67930681,0.02883564,58,13,0.138418314,0.56261343,34.67930681,0.675907548,3
127,insecta_ant_colony2,2,2,0.780992366,0.958931298,0,0,101.9569605,128.8836491,0.007758936,131,76,0,0.990839695,128.8836491,0.991892253,2
128,insecta_ant_colony3_day01,2,2,0.7719375,0.959125,0,0,56.9091232,140.7426616,0.007105166,160,44,0.041436275,0.875707547,140.7426616,0.895455094,2
129,insecta_ant_colony3_day02,2,2,0.7880625,0.953875,0,0,30.92483973,125.9919367,0.007937016,160,39,0.089092685,0.773899371,125.9919367,0.819775902,2
130,insecta_ant_colony3_day03,2,2,0.7835625,0.9448125,0,0,22.17809474,119.3221813,0.008380671,160,60,0.108986547,0.722562893,119.3221813,0.794626456,2
131,insecta_ant_colony3_day04,2,2,0.789625,0.9476875,0,0,31.89852627,117.3189832,0.00852377,160,4,0.11307441,0.714779874,117.3189832,0.778371169,2
132,insecta_ant_colony3_day05,2,2,0.7855,0.94275,0,0,17.70061073,114.9905814,0.008696364,160,143,0.117240959,0.69677673,114.9905814,0.769438612,3
133,insecta_ant_colony3_day06,2,2,0.788125,0.9459375,0,0,11.90068117,114.6361482,0.008723252,160,129,0.119226261,0.693632075,114.6361482,0.768413543,3
134,insecta_ant_colony3_day07,2,2,0.796625,0.94175,0,0,12.96513649,113.3002219,0.008826108,160,4,0.118238204,0.683176101,113.3002219,0.762485065,3
135,insecta_ant_colony3_day08,2,2,0.788301887,0.942327044,0,0,26.82078527,110.5892996,0.009042466,159,8,0.137197953,0.675264708,110.5892996,0.752637821,2
136,insecta_ant_colony3_day09,2,2,0.7845,0.9460625,0,0,3.992472037,115.3494475,0.008669309,160,68,0.117396297,0.698349057,115.3494475,0.772847621,3
137,insecta_ant_colony3_day10,2,2,0.783584906,0.94672956,0,0,17.96260415,116.7587567,0.008564668,159,154,0.122390026,0.720165592,116.7587567,0.778270586,2
138,insecta_ant_colony3_day11,2,2,0.7940625,0.935625,0,0,3.992930349,109.8888506,0.009100104,160,9,0.142962764,0.664386792,109.8888506,0.748218434,3
139,insecta_ant_colony3_day12,2,2,0.78212766,0.93858156,0,0,18.72002557,95.36442785,0.01048609,141,24,0.146340455,0.648834853,95.36442785,0.745852782,3
140,insecta_ant_colony3_day13,2,2,0.788085106,0.938723404,0,0,12.95544738,96.13750084,0.010401768,141,29,0.151836182,0.656231003,96.13750084,0.75140065,3
141,insecta_ant_colony3_day14,2,2,0.786241135,0.938794326,0,0,13.95223709,97.18352615,0.01028981,141,102,0.150727992,0.669402229,97.18352615,0.752003587,2
142,insecta_ant_colony3_day15,2,2,0.77822695,0.937943262,0,0,15.94479526,95.11239436,0.010513877,141,72,0.159186811,0.648733536,95.11239436,0.749922754,3
143,insecta_ant_colony3_day16,2,2,0.797021277,0.942340426,0,0,13.95256542,103.8612744,0.009628228,141,24,0.12538747,0.711752786,103.8612744,0.796056816,2
144,insecta_ant_colony3_day17,2,2,0.783333333,0.93929078,0,0,14.93210872,100.0254762,0.009997453,141,93,0.134310588,0.681965552,100.0254762,0.775137814,3
145,insecta_ant_colony3_day18,2,2,0.782836879,0.939432624,0,0,24.67773878,98.39653082,0.01016296,141,93,0.147351154,0.669604863,98.39653082,0.769912414,3
146,insecta_ant_colony3_day19,2,2,0.79,0.936524823,0,0,25.68752098,96.03538449,0.010412829,141,79,0.152268551,0.650151976,96.03538449,0.758336155,3
147,insecta_ant_colony3_day20,2,2,0.776241135,0.931205674,0,0,0.997819544,95.98595632,0.010418191,141,108,0.155243365,0.645187437,95.98595632,0.765667728,3
148,insecta_ant_colony3_day21,2,2,0.786285714,0.942857143,0,0,27.36845624,96.92513708,0.010317241,140,45,0.146755818,0.665981501,96.92513708,0.76171824,3
149,insecta_ant_colony3_day22,2,2,0.77426087,0.937217391,0,0,21.9083564,84.85999687,0.011784115,115,103,0.118792302,0.714569031,84.85999687,0.797336479,2
150,insecta_ant_colony3_day23,2,2,0.766782609,0.931217391,0,0,2.980645194,84.9386094,0.011773209,115,4,0.114798721,0.708924485,84.9386094,0.801708476,3
151,insecta_ant_colony3_day24,2,2,0.759913043,0.925826087,0,0,0.994690586,82.47516162,0.012124863,115,53,0.125317253,0.682990084,82.47516162,0.7886988,3
152,insecta_ant_colony3_day25,2,2,0.769130435,0.932086957,0,0,1.991445238,81.0739167,0.012334423,115,100,0.127306935,0.677345538,81.0739167,0.769170381,3
153,insecta_ant_colony3_day26,2,2,0.763478261,0.924434783,0,0,0.997179588,82.69988605,0.012091915,115,80,0.117732715,0.691838291,82.69988605,0.778075018,3
154,insecta_ant_colony3_day27,2,2,0.764426877,0.930173913,1,0,2.983156472,83.39621817,0.011990951,115,80,0.116826213,0.693363844,83.39621817,0.789930537,3
155,insecta_ant_colony3_day28,2,2,0.773391304,0.929913043,0,0,2.989386381,84.75164753,0.011799181,115,79,0.119272387,0.706941266,84.75164753,0.801178545,3
156,insecta_ant_colony3_day29,2.01,2,0.762,0.934695652,0,0,1.994057883,85.70094601,0.011668483,115,38,0.108090972,0.71624714,85.70094601,0.80283868,3
157,insecta_ant_colony3_day30,2,2,0.759947299,0.924608696,1,0,0.990596651,79.90711655,0.01251453,115,75,0.121835494,0.659191457,79.90711655,0.765382198,3
158,insecta_ant_colony3_day31,2,2,0.762956522,0.931826087,0,0,1.984707591,76.60500212,0.013053978,115,27,0.142356749,0.634782609,76.60500212,0.736575797,3
159,insecta_ant_colony3_day32,2.01010101,2,0.7364168,0.926736842,1,0,1.971035218,66.40715245,0.015058619,95,9,0.118369985,0.669652856,66.40715245,0.75969016,3
160,insecta_ant_colony3_day33,2,2,0.73312068,0.921368421,1,0,6.915484055,66.10182032,0.015128176,95,32,0.128338311,0.666741321,66.10182032,0.76182218,3
161,insecta_ant_colony3_day34,2,2,0.751263158,0.925473684,0,0,0.9977401,73.59887356,0.013587164,95,91,0.093207628,0.749832027,73.59887356,0.826574669,3
162,insecta_ant_colony3_day35,2,2,0.718904404,0.918105263,2,0,4.955730011,65.68248817,0.015224758,95,39,0.134608593,0.652855543,65.68248817,0.771909701,3
163,insecta_ant_colony3_day36,2,2,0.736943907,0.924680851,1,0,17.87267312,67.63154143,0.014786,94,40,0.115331924,0.692747655,67.63154143,0.779245695,2
164,insecta_ant_colony3_day37,2.01,2,0.724042553,0.916595745,0,0,0.995431651,67.66196068,0.014779353,94,79,0.113285073,0.6792496,67.66196068,0.798006288,3
165,insecta_ant_colony3_day38,2,2,0.73329035,0.917553191,1,0,2.986162799,67.139771,0.014894302,94,66,0.125375285,0.682910089,67.139771,0.782947463,3
166,insecta_ant_colony3_day39,2,2,0.746982664,0.927526882,2,0,15.90450804,68.30410726,0.014640408,93,82,0.112233143,0.715053763,68.30410726,0.784112907,2
167,insecta_ant_colony3_day40,2,2,0.726129032,0.92311828,0,0,16.78163802,64.86279126,0.01541716,93,4,0.125952426,0.666900421,64.86279126,0.765373528,3
168,insecta_ant_colony3_day41,2,2,0.741134752,0.922446809,1,0,2.988052115,67.4508432,0.014825612,94,20,0.117283288,0.684511553,67.4508432,0.785531418,3
169,insecta_ant_colony3,2,2,0.763,0.9673125,0,0,139.8717474,158.2285596,0.006319972,160,44,0,0.994968553,158.2285596,0.995267087,2
170,insecta_ant_colony4_day01,2,2,0.780588235,0.94372549,0,0,39.64755913,84.97833112,0.011767706,102,13,0.058019565,0.828771112,84.97833112,0.855857237,2
171,insecta_ant_colony4_day02,2,2,0.773921569,0.944215686,0,0,15.91421202,83.08309921,0.012036142,102,45,0.063023053,0.805474665,83.08309921,0.843469381,2
172,insecta_ant_colony4_day03,2,2,0.776372549,0.93627451,0,0,9.900103801,81.55192451,0.012262126,102,94,0.074686106,0.787225781,81.55192451,0.832678178,3
173,insecta_ant_colony4_day04,2,2,0.761635968,0.926666667,1,0,8.738529265,76.87896892,0.013007459,102,93,0.092408907,0.728790526,76.87896892,0.805249163,3
174,insecta_ant_colony4_day05,2,2,0.764215686,0.92872549,0,0,9.424452889,79.9485605,0.012508043,102,1,0.075302871,0.762764512,79.9485605,0.826994835,3
175,insecta_ant_colony4_day06,2,2,0.762329174,0.929411765,1,0,9.916311764,79.8125796,0.012529353,102,87,0.084324133,0.757716948,79.8125796,0.832736008,3
176,insecta_ant_colony4_day07,2,2,0.756090315,0.926666667,1,0,9.164085907,77.93094206,0.012831874,102,82,0.081511581,0.73713842,77.93094206,0.814899248,3
177,insecta_ant_colony4_day08,2,2,0.764313725,0.932745098,0,0,10.80711926,78.39279866,0.012756274,102,45,0.084057661,0.748786643,78.39279866,0.811173207,3
178,insecta_ant_colony4_day09,2,2,0.771862745,0.933529412,0,0,12.71695761,81.28201366,0.012302845,102,6,0.073665706,0.774218598,81.28201366,0.843116235,3
179,insecta_ant_colony4_day10,2,2,0.764705882,0.934313725,0,0,12.82150503,81.72564524,0.012236061,102,100,0.067110574,0.783537177,81.72564524,0.83935033,2
180,insecta_ant_colony4_day11,2,2,0.761764706,0.934313725,0,0,24.75789404,73.32215944,0.013638442,102,45,0.097116179,0.697340322,73.32215944,0.763098195,2
181,insecta_ant_colony4_day12,2.01010101,2,0.710529957,0.920547945,1,0,1.967704116,58.4502651,0.017108562,73,63,0.058272707,0.78652968,58.4502651,0.838696641,3
182,insecta_ant_colony4_day13,2.010416667,2,0.724743151,0.914246575,4,0,2.949055845,59.76220877,0.016732983,73,23,0.047894496,0.806316591,59.76220877,0.853298534,3
183,insecta_ant_colony4_day14,2,2,0.729521946,0.922465753,2,0,2.966195496,59.29656767,0.016864383,73,32,0.051251743,0.801750381,59.29656767,0.845656102,3
184,insecta_ant_colony4_day15,2,2.01,0.721184447,0.921232877,1,0,1.971486996,60.30232074,0.01658311,73,15,0.047960879,0.815829528,60.30232074,0.8590537,3
185,insecta_ant_colony4_day16,2.010204082,2,0.72980151,0.920684932,2,0,2.971750311,59.08607588,0.016924461,73,55,0.062985629,0.79718417,59.08607588,0.846319316,3
186,insecta_ant_colony4_day17,2.030612245,2,0.721833939,0.927808219,2,0,6.935498316,58.72747449,0.017027805,73,11,0.056760766,0.794901065,58.72747449,0.837175171,2
187,insecta_ant_colony4_day18,2,2.03,0.712608331,0.916849315,2,0,7.119259883,57.91728824,0.017266002,73,9,0.06955133,0.769406393,57.91728824,0.845676649,3
188,insecta_ant_colony4_day19,2,2.01,0.721369863,0.919315068,0,0,8.783634119,57.99212822,0.01724372,73,37,0.052182824,0.776636225,57.99212822,0.83626093,2
189,insecta_ant_colony4_day20,2,2,0.732591324,0.926986301,4,0,9.938900023,61.02567351,0.016386546,73,65,0.047758989,0.831050228,61.02567351,0.864056565,2
190,insecta_ant_colony4_day21,2,2,0.722031963,0.931232877,4,0,10.91531831,59.60342665,0.016777559,73,54,0.054805536,0.806697108,59.60342665,0.848954143,2
191,insecta_ant_colony4_day22,2.02173913,2,0.68715415,0.914233242,8,1,4.98384707,46.13032503,0.021677714,55,37,0.034980982,0.830976431,46.13032503,0.876226699,2
192,insecta_ant_colony4_day23,2.021276596,2.02,0.680270793,0.917272727,6,0,3.985206072,46.03589373,0.021722181,55,25,0.039570712,0.826936027,46.03589373,0.876888054,2
193,insecta_ant_colony4_day24,2.031914894,2.06,0.654932302,0.899454545,6,0,2.985218935,44.38244914,0.022531429,55,3,0.059598102,0.785858586,44.38244914,0.859986178,2
194,insecta_ant_colony4_day25,2,2.01,0.670381232,0.911090909,7,0,4.964581659,45.23754216,0.022105533,55,24,0.045136436,0.810774411,45.23754216,0.863100039,2
195,insecta_ant_colony4_day26,2,2,0.694777563,0.920363636,6,0,23.99086123,45.89491911,0.021788904,55,22,0.048184183,0.835016835,45.89491911,0.862757767,2
196,insecta_ant_colony4_day27,2.031914894,2.01,0.695357834,0.925636364,6,0,23.7382195,46.67963361,0.021422619,55,16,0.046277475,0.852525253,46.67963361,0.875581214,2
197,insecta_ant_colony4_day28,2.010638298,2.03,0.687234043,0.918,6,0,25.59469531,47.0266014,0.02126456,55,48,0.047736547,0.859259259,47.0266014,0.881527232,2
198,insecta_ant_colony4_day29,2,2,0.682608696,0.918363636,8,0,23.52257478,46.954138,0.021297377,55,50,0.047473584,0.856565657,46.954138,0.881704252,2
199,insecta_ant_colony4_day30,2.02173913,2.01010101,0.695454545,0.912947658,8,1,18.76974691,46.44214585,0.021532166,55,3,0.048219016,0.843097643,46.44214585,0.876953091,2
200,insecta_ant_colony4_day31,2.021052632,2.01,0.675980861,0.913454545,5,0,11.93394583,45.76394034,0.021851265,55,54,0.048559169,0.822222222,45.76394034,0.872045193,2
201,insecta_ant_colony4_day32,2,2,0.605851979,0.888046647,17,2,17.56854699,28.92979315,0.034566441,35,26,0.039545118,0.835294118,28.92979315,0.860348051,2
202,insecta_ant_colony4_day33,2.095238095,2.06122449,0.609183673,0.883090379,16,2,16.5793853,28.46495446,0.035130919,35,15,0.054269055,0.823529412,28.46495446,0.846262341,2
203,insecta_ant_colony4_day34,2.0625,2.020618557,0.601428571,0.875994109,20,3,2.975692343,29.9079263,0.033435952,35,3,0.019090285,0.848739496,29.9079263,0.907597536,3
204,insecta_ant_colony4_day35,2.073170732,2.052631579,0.595470383,0.888721805,18,5,8.850389646,29.6233859,0.033757113,35,25,0.031342505,0.842016807,29.6233859,0.898933575,2
205,insecta_ant_colony4_day36,2.060240964,2.04,0.597590361,0.890285714,17,0,15.08625085,28.5978481,0.034967666,35,26,0.063287339,0.820168067,28.5978481,0.863568884,2
206,insecta_ant_colony4_day37,2.047058824,2.051546392,0.586554622,0.878350515,15,3,2.970987981,28.76741532,0.034761552,35,21,0.040090755,0.813445378,28.76741532,0.877183853,3
207,insecta_ant_colony4_day38,2.04494382,2.02020202,0.604494382,0.884559885,11,1,14.47971886,28.12919535,0.035550253,35,15,0.053539497,0.806722689,28.12919535,0.843484256,2
208,insecta_ant_colony4_day39,2.025316456,2.040816327,0.607594937,0.896793003,21,2,14.60669846,28.79160931,0.034732341,35,19,0.043990432,0.826890756,28.79160931,0.861681151,2
209,insecta_ant_colony4_day40,2,2.06122449,0.597983193,0.865306122,15,2,3.965662348,28.69427164,0.034850161,35,23,0.048453608,0.81512605,28.69427164,0.871493415,2
210,insecta_ant_colony4_day41,2.023255814,2.03030303,0.602657807,0.889177489,14,1,3.971953464,29.62389388,0.033756535,35,10,0.0342,0.840336134,29.62389388,0.901340595,3
211,insecta_ant_colony4,2,2,0.792941176,0.948823529,0,0,83.84548525,99.89084938,0.010010927,102,26,0.000883913,0.988351776,99.89084938,0.98953254,2
212,insecta_ant_colony5_day01,2,2,0.791513158,0.951776316,0,0,46.67076964,121.2577248,0.008246897,152,150,0.074915697,0.788863716,121.2577248,0.823528223,2
213,insecta_ant_colony5_day02,2,2,0.786447368,0.949078947,0,0,26.81409462,122.733176,0.008147756,152,145,0.071169008,0.796531893,122.733176,0.834365294,2
214,insecta_ant_colony5_day03,2,2,0.786381579,0.950065789,0,0,25.4509301,116.7923255,0.008562206,152,100,0.084648609,0.752352736,116.7923255,0.804062794,2
215,insecta_ant_colony5_day04,2,2,0.798289474,0.951578947,0,0,61.54363239,115.2808179,0.00867447,152,104,0.09042269,0.746427327,115.2808179,0.791369353,2
216,insecta_ant_colony5_day05,2,2,0.792631579,0.950263158,0,0,28.77546704,113.7646161,0.008790079,152,63,0.090725744,0.73283374,113.7646161,0.784603468,2
217,insecta_ant_colony5_day06,2,2,0.788289474,0.946184211,0,0,28.7002408,114.1930587,0.0087571,152,47,0.091573102,0.73013245,114.1930587,0.794008107,2
218,insecta_ant_colony5_day07,2,2,0.797236842,0.945592105,0,0,31.43073284,110.2244072,0.009072401,152,86,0.100665181,0.705210875,110.2244072,0.770070601,2
219,insecta_ant_colony5_day08,2,2,0.793947368,0.946184211,0,0,43.32256886,109.3957422,0.009141124,152,151,0.109314539,0.699895434,109.3957422,0.767809226,2
220,insecta_ant_colony5_day09,2,2,0.805921053,0.945263158,0,0,35.09798909,107.2627905,0.009322897,152,59,0.116202606,0.682729174,107.2627905,0.758641376,2
221,insecta_ant_colony5_day10,2,2,0.7925,0.943092105,0,0,30.86107435,106.9329327,0.009351656,152,50,0.116839994,0.677849425,106.9329327,0.761338471,2
222,insecta_ant_colony5_day11,2,2,0.780901116,0.941513158,1,0,28.98161189,93.21877174,0.010727453,152,49,0.14659378,0.585221331,93.21877174,0.685521121,3
223,insecta_ant_colony5_day12,2,2,0.770977444,0.93556391,0,0,4.984369018,96.44831681,0.010368247,133,40,0.094605608,0.690020506,96.44831681,0.786360248,3
224,insecta_ant_colony5_day13,2,2,0.776917293,0.938045113,0,0,23.4529404,95.2673474,0.010496776,133,133,0.108154711,0.682957393,95.2673474,0.780425963,2
225,insecta_ant_colony5_day14,2,2,0.793347004,0.943308271,1,0,28.22019182,97.53831604,0.010252381,133,68,0.105743941,0.710298473,97.53831604,0.78412213,2
226,insecta_ant_colony5_day15,2,2,0.793308271,0.943007519,0,0,37.09125801,93.47196761,0.010698395,133,131,0.121340924,0.682387788,93.47196761,0.755639973,2
227,insecta_ant_colony5_day16,2,2,0.787669173,0.939172932,0,0,9.971024766,93.72434724,0.010669586,133,34,0.120254556,0.675096833,93.72434724,0.768062587,3
228,insecta_ant_colony5_day17,2.01,2,0.788270677,0.940827068,0,0,36.17803406,95.51448912,0.010469616,133,105,0.123365834,0.692868535,95.51448912,0.776552888,2
229,insecta_ant_colony5_day18,2,2,0.799398496,0.941804511,0,0,30.56277977,96.5050671,0.01036215,133,56,0.122400006,0.704032809,96.5050671,0.779145377,3
230,insecta_ant_colony5_day19,2,2,0.779774436,0.940225564,0,0,23.83941556,91.06486685,0.010981183,133,111,0.139938241,0.66017316,91.06486685,0.750146802,2
231,insecta_ant_colony5_day20,2,2,0.783082707,0.941052632,0,0,19.91590189,92.81823969,0.010773745,133,48,0.132632048,0.672932331,92.81823969,0.761081958,3
232,insecta_ant_colony5_day21,2,2,0.784242424,0.937727273,0,0,26.80527645,93.73412191,0.010668474,132,103,0.125870031,0.685056674,93.73412191,0.770616767,2
233,insecta_ant_colony5_day22,2.010204082,2,0.741343729,0.932921348,2,0,14.68063658,68.27611473,0.01464641,89,74,0.075122459,0.75,68.27611473,0.808588292,2
234,insecta_ant_colony5_day23,2,2,0.746206417,0.923483146,3,0,6.854791619,68.91409163,0.01451082,89,44,0.069225616,0.752042901,68.91409163,0.819017577,2
235,insecta_ant_colony5_day24,2,2,0.74906367,0.926179775,1,0,1.932026111,70.57109658,0.014170107,89,7,0.056330131,0.773493361,70.57109658,0.833216302,3
236,insecta_ant_colony5_day25,2,2,0.746453297,0.931011236,1,0,13.65518453,68.20836239,0.014660959,89,7,0.069952967,0.744637385,68.20836239,0.810539318,2
237,insecta_ant_colony5_day26,2,2,0.706067416,0.905505618,0,0,8.834685905,62.09649721,0.016103968,89,19,0.091721984,0.655771195,62.09649721,0.77052142,3
238,insecta_ant_colony5_day27,2,2,0.723258427,0.911460674,0,0,8.117742876,68.64954827,0.014566738,89,86,0.067436717,0.729315628,68.64954827,0.843270071,2
239,insecta_ant_colony5_day28,2,2,0.746292135,0.923595506,0,0,10.08110487,69.53719742,0.014380792,89,52,0.056903312,0.75485189,69.53719742,0.830274164,2
240,insecta_ant_colony5_day29,2.010204082,2,0.732400825,0.911123596,2,0,1.935207207,68.33060299,0.014634731,89,44,0.05878416,0.731869254,68.33060299,0.827099605,3
241,insecta_ant_colony5_day30,2.010204082,2,0.729190553,0.918089888,2,0,4.67556999,68.02651094,0.014700151,89,68,0.06554355,0.730592441,68.02651094,0.823605951,3
242,insecta_ant_colony5_day31,2.020618557,2,0.711803545,0.897640449,3,0,8.093186309,62.39756642,0.016026266,89,18,0.083283663,0.652706844,62.39756642,0.776011588,3
243,insecta_ant_colony5_day32,2,2.01010101,0.687137331,0.902662994,6,1,2.960225194,49.11985785,0.020358365,66,63,0.050667834,0.720745921,49.11985785,0.791775264,3
244,insecta_ant_colony5_day33,2.052083333,2,0.676925505,0.906060606,4,0,6.199525859,47.53991298,0.021034956,66,13,0.068502987,0.692307692,47.53991298,0.774448269,2
245,insecta_ant_colony5_day34,2.010416667,2.02,0.660195707,0.894090909,4,0,6.200388733,46.23725387,0.021627582,66,34,0.089348846,0.664335664,46.23725387,0.767254619,2
246,insecta_ant_colony5_day35,2,2.02,0.670087977,0.89469697,7,0,4.515779237,48.50124165,0.020618029,66,65,0.066750043,0.702097902,48.50124165,0.794616138,3
247,insecta_ant_colony5_day36,2.021505376,2.02,0.669436298,0.899848485,7,0,1.992244018,49.85279807,0.020059055,66,30,0.060973549,0.724475524,49.85279807,0.811198105,2
248,insecta_ant_colony5_day37,2.020408163,2.01,0.676252319,0.903787879,2,0,8.169415319,47.53097723,0.021038911,66,63,0.08439088,0.695571096,47.53097723,0.77292859,2
249,insecta_ant_colony5_day38,2.010526316,2,0.683413078,0.905757576,5,0,5.893710079,50.05032452,0.01997989,66,64,0.053578847,0.731934732,50.05032452,0.809329128,3
250,insecta_ant_colony5_day39,2.010752688,2.02,0.669436298,0.904090909,7,0,7.494788626,48.31811893,0.02069617,66,65,0.066665084,0.6997669,48.31811893,0.791593375,2
251,insecta_ant_colony5_day40,2.041666667,2.010204082,0.686868687,0.904298083,4,2,8.147005991,48.21095741,0.020742173,66,13,0.06938583,0.704895105,48.21095741,0.781737755,2
252,insecta_ant_colony5_day41,2,2,0.676609848,0.909090909,4,0,9.517388878,47.97834556,0.020842736,66,44,0.079864287,0.703030303,47.97834556,0.779159266,2
253,insecta_ant_colony5,2,2,0.773815789,0.968552632,0,0,127.090264,149.5957869,0.00668468,152,28,0,0.990153364,149.5957869,0.991168592,2
254,insecta_ant_colony6_day01,2,2,0.778231707,0.959695122,0,0,40.73911305,133.6710144,0.007481053,164,137,0.085313903,0.802857998,133.6710144,0.847561001,2
255,insecta_ant_colony6_day02,2,2,0.784878049,0.953841463,0,0,42.49014561,128.6214492,0.007774753,164,126,0.092916248,0.768517133,128.6214492,0.822572154,2
256,insecta_ant_colony6_day03,2,2,0.778231707,0.949085366,0,0,19.916306,128.2326454,0.007798326,164,58,0.087565719,0.754900494,128.2326454,0.831190531,3
257,insecta_ant_colony6_day04,2,2,0.786646341,0.951219512,0,0,12.96289769,129.6187234,0.007714935,164,14,0.088614305,0.771584618,129.6187234,0.830601876,2
258,insecta_ant_colony6_day05,2,2,0.779817073,0.950609756,0,0,11.95293451,126.4024265,0.007911241,164,19,0.101380969,0.748541074,126.4024265,0.817409594,2
259,insecta_ant_colony6_day06,2,2,0.786402439,0.946707317,0,0,7.945972459,123.3883367,0.008104494,164,156,0.101769436,0.727667215,123.3883367,0.802816972,3
260,insecta_ant_colony6_day07,2,2,0.777743902,0.948597561,0,0,6.985120942,124.513813,0.008031237,164,124,0.102552654,0.737692653,124.513813,0.805637624,3
261,insecta_ant_colony6_day08,2,2,0.778536585,0.943292683,0,0,6.975210984,123.4120763,0.008102935,164,119,0.095644871,0.72302858,123.4120763,0.807151821,3
262,insecta_ant_colony6_day09,2,2,0.777804878,0.952743902,0,0,8.987652689,135.6676931,0.007370952,164,60,0.07014756,0.806075116,135.6676931,0.865408925,3
263,insecta_ant_colony6_day10,2,2,0.787743902,0.94445122,0,0,5.976214612,119.6888674,0.008354996,164,26,0.129890133,0.699835403,119.6888674,0.795921349,3
264,insecta_ant_colony6_day11,2,2,0.782317073,0.935914634,0,0,0.997456919,103.9451571,0.009620458,164,41,0.175011957,0.601675894,103.9451571,0.721768665,3
265,insecta_ant_colony6_day12,2,2,0.783776224,0.936433566,0,0,7.942020077,97.47322778,0.010259227,143,114,0.15481068,0.652516498,97.47322778,0.757241016,3
266,insecta_ant_colony6_day13,2,2,0.782867133,0.938881119,0,0,14.9234253,103.2593373,0.009684354,143,93,0.132673297,0.696148922,103.2593373,0.783651221,2
267,insecta_ant_colony6_day14,2,2,0.790979021,0.938741259,0,0,15.85834973,102.5078109,0.009755354,143,141,0.140042202,0.693095637,102.5078109,0.777844706,2
268,insecta_ant_colony6_day15,2,2,0.787062937,0.94,0,0,4.985744988,104.0218095,0.009613369,143,17,0.13107704,0.699103713,104.0218095,0.792187474,3
269,insecta_ant_colony6_day16,2,2,0.779370629,0.938951049,0,0,11.93850574,97.47110764,0.01025945,143,11,0.150691079,0.651137595,97.47110764,0.757619944,3
270,insecta_ant_colony6_day17,2,2,0.785034965,0.944545455,0,0,12.94755518,104.563678,0.00956355,143,116,0.133451473,0.706983158,104.563678,0.790998706,2
271,insecta_ant_colony6_day18,2,2,0.793706294,0.938811189,0,0,6.986153319,102.9704725,0.009711522,143,51,0.133915026,0.69545947,102.9704725,0.781347947,2
272,insecta_ant_colony6_day19,2,2,0.78972028,0.93951049,0,0,8.956765035,104.9004996,0.009532843,143,113,0.126035024,0.710036442,104.9004996,0.789178244,2
273,insecta_ant_colony6_day20,2,2,0.788251748,0.936783217,0,0,8.95462443,99.05214055,0.010095693,143,78,0.140809102,0.66581306,99.05214055,0.756829016,3
274,insecta_ant_colony6_day21,2,2,0.786293706,0.94,0,0,9.954448163,103.4296459,0.009668408,143,110,0.134057349,0.701369053,103.4296459,0.780046742,3
275,insecta_ant_colony6_day22,2,2,0.784237288,0.934491525,0,0,9.951688718,86.34187698,0.011581865,118,21,0.111815126,0.707663335,86.34187698,0.784931921,3
276,insecta_ant_colony6_day23,2,2,0.783220339,0.938728814,0,0,12.9445244,86.14040613,0.011608954,118,38,0.113610003,0.708097928,86.14040613,0.779843298,2
277,insecta_ant_colony6_day24,2.01,2,0.767288136,0.93059322,0,0,14.72406819,81.64148389,0.012248675,118,69,0.121398302,0.657105606,81.64148389,0.759529941,2
278,insecta_ant_colony6_day25,2,2,0.766478343,0.932033898,1,0,14.92591535,83.12800142,0.012029641,118,25,0.118342064,0.674779082,83.12800142,0.765260009,3
279,insecta_ant_colony6_day26,2,2,0.779322034,0.930762712,0,0,10.91539345,86.21128328,0.01159941,118,102,0.093575384,0.701434159,86.21128328,0.784303406,3
280,insecta_ant_colony6_day27,2,2,0.766186441,0.93279661,0,0,7.976395578,84.94721065,0.011772017,118,60,0.099145084,0.693611473,84.94721065,0.770380749,3
281,insecta_ant_colony6_day28,2,2,0.771779661,0.933728814,0,0,11.95721757,84.92459256,0.011775152,118,114,0.102376839,0.693032015,84.92459256,0.772151205,3
282,insecta_ant_colony6_day29,2,2,0.782514701,0.938050847,2,0,7.948694126,90.30561604,0.011073508,118,102,0.089799581,0.740547588,90.30561604,0.813268341,2
283,insecta_ant_colony6_day30,2,2,0.773474576,0.93059322,0,0,9.966981444,83.81910166,0.011930455,118,2,0.115711766,0.682167174,83.81910166,0.767110639,3
284,insecta_ant_colony6_day31,2,2,0.760338983,0.928474576,0,0,6.977122698,78.93173029,0.012669176,118,29,0.122134193,0.63494133,78.93173029,0.734687237,2
285,insecta_ant_colony6_day32,2,2,0.734175824,0.917252747,0,0,8.948983014,65.70163355,0.015220322,91,30,0.097417563,0.687912088,65.70163355,0.786177557,3
286,insecta_ant_colony6_day33,2,2,0.72039072,0.918681319,1,0,11.91135414,63.43268226,0.015764744,91,66,0.107846079,0.663736264,63.43268226,0.761838448,3
287,insecta_ant_colony6_day34,2,2,0.711428571,0.915824176,0,0,10.68815695,61.88298703,0.01615953,91,62,0.093955744,0.638827839,61.88298703,0.751723877,3
288,insecta_ant_colony6_day35,2.02,2,0.711098901,0.90967033,0,0,7.956028112,63.02939427,0.015865613,91,48,0.083627418,0.652014652,63.02939427,0.760418683,3
289,insecta_ant_colony6_day36,2,2,0.71902834,0.917142857,5,0,10.91493032,63.87946562,0.015654483,91,82,0.095133979,0.663492063,63.87946562,0.768431351,3
290,insecta_ant_colony6_day37,2,2,0.698967699,0.90978022,1,0,13.49845341,61.26980458,0.016321253,91,69,0.100384866,0.627594628,61.26980458,0.751389339,3
291,insecta_ant_colony6_day38,2,2,0.701030928,0.90956044,3,0,6.950613932,59.24800061,0.016878207,91,62,0.11652615,0.604395604,59.24800061,0.731927962,3
292,insecta_ant_colony6_day39,2.01010101,2,0.688422688,0.902307692,1,0,9.916379453,58.41646319,0.017118462,91,74,0.110191474,0.597557998,58.41646319,0.720855699,3
293,insecta_ant_colony6,2,2,0.762378049,0.968902439,0,0,120.89831,161.0451622,0.006209438,164,160,0.003448799,0.987056711,161.0451622,0.988887631,2
294,insecta_ant_trophallaxis_colony1_day1,3.05,6.011904762,0.127083333,0.375496032,80,16,0.229753299,3.547647616,0.281876925,24,1,0.473829201,0.119565217,3.547647616,0.148148148,6
295,insecta_ant_trophallaxis_colony1_day2,3.37037037,6.320987654,0.12191358,0.324074074,73,19,0.099015301,3.214556581,0.311084896,24,8,0.489746094,0.115942029,3.214556581,0.09375,10
296,insecta_ant_trophallaxis_colony1_day3,3,7.666666667,0.120204604,0.290391841,83,19,0.116369902,3.051710442,0.327685086,23,17,0.5592,0.098814229,3.051710442,0.0625,8
297,insecta_ant_trophallaxis_colony1_day4,3.64,5.404494382,0.101935484,0.353751359,75,11,0.137443602,4.499048845,0.222269203,31,23,0.42870077,0.101075269,4.499048845,0.124137931,7
298,insecta_ant_trophallaxis_colony1_day5,2.823529412,7.192307692,0.129411765,0.292307692,83,22,0.075616173,2.856296638,0.350103693,20,2,0.526859504,0.115789474,2.856296638,0.083333333,10
299,insecta_ant_trophallaxis_colony1_day6,3.375,10.16666667,0.321428571,0.433333333,92,70,0.198062264,1.847759065,0.5411961,7,6,0.319444444,0.285714286,1.847759065,0,6
300,insecta_ant_trophallaxis_colony1_day7,3.3,4.9,0.134482759,0.375095785,70,10,0.279559188,3.746491986,0.266916359,29,26,0.470795024,0.10591133,3.746491986,0.127118644,6
301,insecta_ant_trophallaxis_colony1_day8,3.257142857,4.545454545,0.105019305,0.442806443,65,1,0.366720874,4.509930809,0.221732892,37,11,0.44041955,0.102102102,4.509930809,0.170305677,6
302,insecta_ant_trophallaxis_colony1,2.402298851,2.2,0.352116625,0.772682927,13,0,1.837430606,14.28798492,0.069988876,41,13,0.14956665,0.312195122,14.28798492,0.394387001,3
303,insecta_ant_trophallaxis_colony2_day1,3.538461538,7.34939759,0.140532544,0.345690454,74,17,0.12820458,3.745790295,0.26696636,26,17,0.486882716,0.110769231,3.745790295,0.197802198,8
304,insecta_ant_trophallaxis_colony2_day2,2.421052632,7.55952381,0.120614035,0.34077381,81,16,0.186382694,3.291417665,0.303820451,24,20,0.451666667,0.108695652,3.291417665,0.047619048,8
305,insecta_ant_trophallaxis_colony2_day3,3.15625,5.820224719,0.1171875,0.407704655,68,11,0.258642847,4.214438641,0.237279525,28,7,0.404197531,0.119047619,4.214438641,0.06870229,7
306,insecta_ant_trophallaxis_colony2_day4,3.151515152,6.448275862,0.133333333,0.395402299,67,13,0.325990983,3.98229353,0.251111575,25,1,0.42184076,0.123333333,3.98229353,0.136363636,6
307,insecta_ant_trophallaxis_colony2_day5,2.416666667,5.5,0.105555556,0.265789474,76,24,0.046639627,2.594113838,0.385488094,30,10,0.610351563,0.073563218,2.594113838,0.058823529,10
308,insecta_ant_trophallaxis_colony2_day6,2.92,5.6,0.104242424,0.354010695,75,15,0.168834027,3.96868465,0.251972653,33,18,0.481805293,0.087121212,3.96868465,0.06870229,8
309,insecta_ant_trophallaxis_colony2_day7,3.166666667,6.329787234,0.129032258,0.393617021,70,6,0.368194495,4.756329422,0.210246161,31,6,0.408468935,0.111827957,4.756329422,0.139896373,6
310,insecta_ant_trophallaxis_colony2_day8,3.060606061,5.361702128,0.148148148,0.445232467,67,6,0.275717293,4.647651366,0.215162438,27,4,0.389105903,0.136752137,4.647651366,0.186440678,6
311,insecta_ant_trophallaxis_colony2,2.376470588,2.397959184,0.370437406,0.747252747,15,2,0.918164964,14.69437761,0.06805324,39,7,0.154743857,0.330634278,14.69437761,0.443886592,4
312,insecta_beetle_group_c1_period_1,2.432835821,2.354166667,0.388557214,0.792708333,33,4,5.164453904,13.38373114,0.07471758,30,1,0.150372535,0.425287356,13.38373114,0.471954426,3
313,insecta_beetle_group_c1_period_2,2.258064516,2.489361702,0.412903226,0.795744681,38,6,1.946681538,15.26316857,0.065517196,30,2,0.115755327,0.475862069,15.26316857,0.548780488,3
314,insecta_beetle_group_c2_period_1,2.721311475,2.694736842,0.27808136,0.731384016,39,5,3.147031202,9.724218628,0.102836026,27,8,0.209474761,0.333333333,9.724218628,0.391431353,3
315,insecta_beetle_group_c2_period_2,2.410958904,2.447916667,0.398630137,0.776736111,27,4,1.816244446,14.35915902,0.069641962,30,9,0.166666667,0.448275862,14.35915902,0.543993879,3
316,insecta_beetle_group_c3_period_1,2.742857143,2.860215054,0.318877551,0.726574501,30,7,0.932183728,10.49242589,0.095306844,28,15,0.171406095,0.346560847,10.49242589,0.419277108,3
317,insecta_beetle_group_c3_period_2,2.257575758,2.35106383,0.36938349,0.767424798,34,6,0.962190758,13.72715388,0.072848313,29,3,0.130780156,0.428571429,13.72715388,0.543243243,3
318,insecta_beetle_group_c4_period_1,2.739130435,2.913978495,0.301932367,0.72437276,31,7,3.217934159,10.4525889,0.095670078,30,28,0.20489393,0.317241379,10.4525889,0.415065334,3
319,insecta_beetle_group_c4_period_2,2.275362319,2.446808511,0.356038647,0.760283688,31,6,1.8094111,13.25814373,0.07542534,30,18,0.153159184,0.402298851,13.25814373,0.49883883,3
320,insecta_beetle_group_t1_period_1,2.472972973,2.659340659,0.34954955,0.744322344,26,9,2.885079995,11.89316484,0.084081909,30,19,0.150206396,0.370114943,11.89316484,0.407553551,3
321,insecta_beetle_group_t2_period_1,2.527027027,2.526315789,0.372522523,0.779649123,26,5,3.525317865,12.87806159,0.077651438,30,2,0.163615705,0.409195402,12.87806159,0.471448797,3
322,insecta_beetle_group_t3_period_1,2.523076923,2.368421053,0.364986737,0.794555354,35,5,3.546286363,13.54595204,0.073822792,29,3,0.135231481,0.443349754,13.54595204,0.50397878,3
323,insecta_beetle_group_t4_period_1,2.387096774,2.610526316,0.340322581,0.752280702,38,5,1.813016546,11.7893159,0.084822564,30,17,0.181706556,0.356321839,11.7893159,0.449732302,3
324,mammalia_asianelephant,3.166666667,7.346666667,0.1375,0.304,76,25,0.101513687,2.987725244,0.334702798,20,15,0.503099174,0.115789474,2.987725244,0.069767442,7
325,mammalia_baboon_association_group01,2.833333333,7.78125,0.583333333,0.7890625,94,68,4,3,0.333333333,4,3,0,1,3,1,1
326,mammalia_baboon_association_group02,2.75,8.390243902,0.525,0.76097561,92,59,2,3.323404276,0.300896285,5,2,0,0.8,3.323404276,0.789473684,2
327,mammalia_baboon_association_group03,2.952380952,9.402597403,0.138716356,0.351778656,79,23,0.185151709,3.496467469,0.286002947,23,12,0.444444444,0.118577075,3.496467469,0.083333333,6
328,mammalia_baboon_association_group04,2.4,8.272727273,0.65,0.75,95,78,1,2.170086487,0.460811127,4,4,0,0.666666667,2.170086487,0.6,2
329,mammalia_baboon_association_group05,3.6,11.41666667,0.55,0.75,95,76,1,2.170086487,0.460811127,4,2,0,0.666666667,2.170086487,0.6,2
330,mammalia_baboon_association_group06,2.928571429,7.5,0.346938776,0.600649351,86,56,0.657076917,2.81622029,0.355085859,7,2,0.179012346,0.428571429,2.81622029,0.375,3
331,mammalia_baboon_association_group07,3.380952381,6.027777778,0.205357143,0.503472222,79,28,0.664738311,4.113857965,0.243080828,16,12,0.295918367,0.233333333,4.113857965,0.211764706,4
332,mammalia_baboon_association_group08,3.071428571,6.631578947,0.169642857,0.434210526,72,24,0.40538115,4.45792539,0.224319591,20,12,0.375114784,0.173684211,4.45792539,0.267857143,5
333,mammalia_baboon_association_group09,3,7.392156863,0.243589744,0.387254902,87,49,0.205980349,2.955913656,0.338304875,12,11,0.410714286,0.212121212,2.955913656,0.24,6
334,mammalia_baboon_association_group10,3.714285714,5.323943662,0.288461538,0.626218852,72,29,0.907482204,5.86450024,0.170517514,13,2,0.180175781,0.41025641,5.86450024,0.515923567,3
335,mammalia_baboon_association_group11,2.611111111,5.791044776,0.206349206,0.521321962,82,33,0.746177262,4.028829002,0.248211081,14,10,0.3464,0.274725275,4.028829002,0.346153846,4
336,mammalia_baboon_association_group12,3,11.07692308,0.666666667,0.794871795,96,87,1,1.414213562,0.707106781,3,2,0,0.666666667,1.414213562,0,2
337,mammalia_baboon_association_group13,2.666666667,9.454545455,0.777777778,0.848484848,97,89,1,1.414213562,0.707106781,3,2,0,0.666666667,1.414213562,0,2
338,mammalia_baboon_association_group14,3.1,5.617021277,0.414285714,0.747720365,90,53,3.381966011,4.965055531,0.201407616,7,7,0.01384083,0.80952381,4.965055531,0.794117647,2
339,mammalia_baboon_association_group15,2.647058824,4.694444444,0.480392157,0.740740741,83,64,2.585786438,4.119026676,0.242775801,6,2,0,0.8,4.119026676,0.789473684,2
340,mammalia_baboon_association_group16,4.428571429,5.142857143,0.404761905,0.752380952,93,65,2.381966011,3.778457118,0.26465829,6,5,0.045454545,0.733333333,3.778457118,0.677419355,2
341,mammalia_baboon_association_group17,3.5,7.255319149,0.325396825,0.562647754,86,53,1.495443617,3.777439542,0.264729584,9,2,0.137777778,0.416666667,3.777439542,0.340909091,3
342,mammalia_baboon_association_group18,3.380952381,4.935483871,0.385714286,0.727419355,79,38,3.262502895,5.491689417,0.182093328,10,8,0.069272977,0.6,5.491689417,0.446280992,2
343,mammalia_baboon_association_group19,3.384615385,6.982758621,0.189349112,0.408488064,87,42,0.186744381,2.874422957,0.347895913,13,4,0.357421875,0.205128205,2.874422957,0.103448276,6
344,mammalia_baboon_association_group20,2.677419355,5.786666667,0.2382134,0.641025641,69,25,1.491087962,5.100872057,0.196044909,13,4,0.218333333,0.384615385,5.100872057,0.365853659,3
345,mammalia_baboon_association_group21,2.9,5.195121951,0.4375,0.640243902,90,59,1.290861751,4.117106961,0.242889002,8,7,0.166666667,0.535714286,4.117106961,0.5625,3
346,mammalia_baboon_association_group22,2.6,7.609756098,0.25,0.527439024,90,59,0.585786438,2.923909335,0.342007869,8,7,0.203703704,0.321428571,2.923909335,0.315789474,4
347,mammalia_baboon_association_group23,2.523809524,6.802631579,0.14739229,0.388471178,79,24,0.418881221,3.684869586,0.271380025,21,6,0.390555556,0.142857143,3.684869586,0.148148148,5
348,mammalia_baboon_association_group24,6,11.1,0.5,0.6625,98,80,0.585786438,1.618033989,0.618033989,4,1,0.166666667,0.5,1.618033989,0,3
349,mammalia_baboon_association_group25,2.857142857,10.49019608,0.257142857,0.376470588,86,49,0.148665377,2.135779205,0.468213192,10,7,0.438271605,0.2,2.135779205,0,6
350,mammalia_baboon_association_group26,2.714285714,10.69047619,0.306122449,0.472789116,93,58,0.2253771,1.931851653,0.51763809,7,5,0.319444444,0.285714286,1.931851653,0,5
351,mammalia_baboon_association_group27,2.95,5.987012987,0.2,0.5004329,80,23,0.50960765,4.313426617,0.231834244,15,11,0.272928994,0.247619048,4.313426617,0.211764706,5
352,mammalia_baboon_association_group28,3.411764706,7.986486486,0.172794118,0.405405405,83,26,0.280671775,3.33690162,0.299679198,16,14,0.363945578,0.175,3.33690162,0.136363636,6
353,mammalia_baboon_association_group29,3.25,6.65,0.201923077,0.456410256,84,40,0.515485952,3.350043121,0.29850362,13,3,0.372576177,0.243589744,3.350043121,0.225,4
354,mammalia_baboon_grooming_group01,3,8.3,0.5,0.708333333,97,70,2,2,0.5,4,1,0,0.666666667,2,0,2
355,mammalia_baboon_grooming_group02,3.2,7.558823529,0.44,0.676470588,95,66,1,2.685543933,0.372364044,5,3,0,0.6,2.685543933,0.545454545,2
356,mammalia_baboon_grooming_group03,2.294117647,6.2375,0.145780051,0.398913043,83,20,0.178408859,4.111547119,0.243217449,23,19,0.457959184,0.138339921,4.111547119,0.230769231,7
357,mammalia_baboon_grooming_group04,3.5,6.76,0.5,0.76,96,75,1,2.170086487,0.460811127,4,4,0,0.666666667,2.170086487,0.6,2
358,mammalia_baboon_grooming_group05,3.4,6.416666667,0.5,0.760416667,95,76,2,2.561552813,0.390388203,4,1,0,0.833333333,2.561552813,0.75,2
359,mammalia_baboon_grooming_group06,3.2,7.388888889,0.314285714,0.64021164,85,46,1.259473604,3.444935337,0.290281211,7,6,0.132231405,0.523809524,3.444935337,0.535714286,3
360,mammalia_baboon_grooming_group07,3.366666667,4.506849315,0.25625,0.642979452,70,27,1.613122461,5.617134476,0.178026715,16,11,0.201368233,0.341666667,5.617134476,0.265625,3
361,mammalia_baboon_grooming_group08,2.909090909,10.15384615,0.196969697,0.353846154,89,35,0.123068159,2.522748592,0.396393046,12,6,0.434027778,0.181818182,2.522748592,0.157894737,7
362,mammalia_baboon_grooming_group09,2.090909091,9.5,0.20661157,0.344405594,89,48,0.084175549,1.975376681,0.506232563,11,8,0.445,0.181818182,1.975376681,0,9
363,mammalia_baboon_grooming_group10,2.375,5.821428571,0.282051282,0.641483516,76,44,1.08114592,5.169755979,0.193432728,13,7,0.231111111,0.384615385,5.169755979,0.446280992,3
364,mammalia_baboon_grooming_group11,3,6.711864407,0.230769231,0.488700565,87,41,0.480833424,3.596873558,0.278019225,12,1,0.292387543,0.257575758,3.596873558,0.279069767,5
365,mammalia_baboon_grooming_group12,NA,12.27272727,NA,1,100,89,2,1,1,2,2,0,1,1,NA,1
366,mammalia_baboon_grooming_group13,3.333333333,8.434782609,0.583333333,0.782608696,97,77,0.585786438,1.618033989,0.618033989,4,3,0.166666667,0.5,1.618033989,0,3
367,mammalia_baboon_grooming_group14,3.363636364,9.515151515,0.376623377,0.658008658,89,67,0.939337754,3.245548618,0.308114318,7,5,0.1,0.476190476,3.245548618,0.375,3
368,mammalia_baboon_grooming_group15,3,11.425,0.433333333,0.683333333,95,60,1.186393497,3.181943336,0.314273353,6,2,0.166666667,0.6,3.181943336,0.6,3
369,mammalia_baboon_grooming_group16,4,8.766666667,0.416666667,0.483333333,96,70,0.267949192,1.801937736,0.554958132,6,2,0.26,0.333333333,1.801937736,0,5
370,mammalia_baboon_grooming_group17,3.714285714,8.6,0.306122449,0.575510204,93,65,0.276519947,2.188901059,0.456850252,7,3,0.316326531,0.333333333,2.188901059,0,5
371,mammalia_baboon_grooming_group18,2.8,7.476190476,0.233333333,0.354497354,90,58,0.150571652,2.015316067,0.496200083,9,2,0.3984375,0.222222222,2.015316067,0,7
372,mammalia_baboon_grooming_group19,2.8,6.923076923,0.209090909,0.444055944,90,48,0.243261327,3.229118268,0.309682061,11,7,0.369897959,0.254545455,3.229118268,0.4,6
373,mammalia_baboon_grooming_group20,2.526315789,6.8,0.238866397,0.502564103,81,40,0.329964083,3.875584402,0.258025602,13,8,0.373015873,0.269230769,3.875584402,0.406779661,5
374,mammalia_baboon_grooming_group21,3,5.641509434,0.4,0.719339623,90,47,2.563572589,4.705685676,0.212508882,8,6,0.109567901,0.642857143,4.705685676,0.617647059,2
375,mammalia_baboon_grooming_group22,2.8125,6.761904762,0.3046875,0.50297619,84,58,0.311706379,2.605888703,0.383746243,8,2,0.355,0.357142857,2.605888703,0.375,4
376,mammalia_baboon_grooming_group23,3.736842105,8.552238806,0.178362573,0.42039801,81,33,0.285135065,3.510952147,0.284823022,18,8,0.447069943,0.150326797,3.510952147,0.152542373,5
377,mammalia_baboon_grooming_group25,2.583333333,6.603773585,0.227272727,0.466552316,88,47,0.300371852,2.933521992,0.340887167,11,5,0.292899408,0.236363636,2.933521992,0,6
378,mammalia_baboon_grooming_group26,2.733333333,7.179104478,0.17037037,0.426202322,85,33,0.389524387,3.564632179,0.280533853,18,4,0.36,0.163398693,3.564632179,0.086956522,6
379,mammalia_baboon_grooming_group27,2.541666667,6.95,0.208333333,0.524264706,76,20,0.630721784,4.947954624,0.202103713,17,15,0.276855469,0.235294118,4.947954624,0.283464567,5
380,mammalia_baboon_grooming_group28,3.5,6.348484848,0.20625,0.420454545,80,34,0.347248985,3.643958068,0.274426868,16,14,0.337429112,0.191666667,3.643958068,0.152542373,6
381,mammalia_baboon_grooming_group29,3.238095238,4.147058824,0.267399267,0.584841629,79,32,0.938878353,4.82142297,0.207407648,13,1,0.262755102,0.358974359,4.82142297,0.432692308,4
382,mammalia_bat_roosting_indiana,2.091954023,2.07,0.515102914,0.777209302,13,0,0.989798697,31.21925455,0.032031514,43,31,0.060538515,0.604651163,31.21925455,0.932442374,4
383,mammalia_bison_dominance,2.5,2.368421053,0.481370192,0.829149798,36,5,5.537678125,18.37895004,0.054410072,26,26,0.082957958,0.683076923,18.37895004,0.788739669,2
384,mammalia_cattle_dominance,2.197368421,2.291666667,0.428101504,0.795758929,24,4,0.981876855,16.20880719,0.061694854,28,1,0.097596669,0.542328042,16.20880719,0.648596939,3
385,mammalia_dolphin_florida_forage,2.272727273,2.12,0.292699725,0.614602273,1,0,0.387487116,24.44641201,0.040905798,176,143,0.436455599,0.072792208,24.44641201,0.52567092,7
386,mammalia_dolphin_florida_overall,2,2,0.414788732,0.714295775,0,0,0.142351594,44.98821472,0.022228044,284,211,0.353029828,0.078908077,44.98821472,0.46838722,6
387,mammalia_dolphin_florida_social,2.08,2,0.412416107,0.743624161,0,0,0.785783995,34.78354984,0.028749222,149,109,0.400955258,0.140848903,34.78354984,0.613121172,4
388,mammalia_dolphin_floridatravel,2.51,2.11,0.278598726,0.630700637,0,0,0.274157666,20.60736966,0.048526329,157,66,0.474094493,0.075453209,20.60736966,0.48988006,7
389,mammalia_dolphin_social,4.2,3.66,0.130791789,0.505483871,45,0,0.172973302,7.193614015,0.139012185,62,48,0.527728334,0.084082496,7.193614015,0.308775731,8
390,mammalia_elephantseal_2010_2011,3.535714286,6.516853933,0.083074534,0.268441622,72,11,0.073447024,3.929366457,0.254493952,46,19,0.579878827,0.05410628,3.929366457,0.060810811,8
391,mammalia_elephantseal_2010_2012_peidras,3,8.825,0.234567901,0.391666667,91,60,0.162692466,2.08396811,0.479853792,9,2,0.3984375,0.222222222,2.08396811,0,6
392,mammalia_elephantseal_2011_2012,3.529411765,7,0.132352941,0.322058824,83,15,0.162930308,3.528773558,0.283384576,24,16,0.506666667,0.108695652,3.528773558,0.211267606,7
393,mammalia_elephantseal_2012_2013,NA,9.090909091,NA,0.727272727,100,78,1,1.732050808,0.577350269,4,1,0,0.5,1.732050808,0,2
394,mammalia_hyena_networka,2.063291139,2.03125,0.602169982,0.891071429,21,4,6.974688476,30.48500183,0.032803016,35,15,0.030185197,0.875630252,30.48500183,0.915664217,2
395,mammalia_hyena_networkb,2.024096386,2.051546392,0.632195448,0.891752577,17,3,7.988207828,33.08639387,0.030223904,36,36,0.008830448,0.928571429,33.08639387,0.961175907,2
396,mammalia_hyena_networkc,2.035294118,2.052083333,0.611092437,0.886309524,15,4,14.72733878,29.69005713,0.033681309,35,9,0.038404978,0.855462185,29.69005713,0.889686283,2
397,mammalia_kangaroo_interactions,2.636363636,3.581395349,0.372994652,0.763337893,56,14,0.971288442,12.03112248,0.083117764,17,4,0.059835769,0.669117647,12.03112248,0.840594059,3
398,mammalia_macaque_contact_sits,2.04109589,2.103092784,0.595401174,0.901693667,27,3,28,27,0.037037037,28,2,0,1,27,1,1
399,mammalia_macaque_dominance,2.031914894,2.02,0.645847632,0.9,6,0,16.69984036,39.02559754,0.025624207,62,50,0.096783952,0.617133792,39.02559754,0.659941974,2
400,mammalia_macaque_grooming_bouts,2.235294118,2.291666667,0.449579832,0.842633929,32,4,8.914749365,17.12873093,0.058381441,28,17,0.098713066,0.603174603,17.12873093,0.650406504,2
401,mammalia_possum_burrow_sharing,2.909090909,7.4,0.439393939,0.60952381,89,65,0.763932023,3.164247938,0.316030861,6,1,0.0546875,0.533333333,3.164247938,0.666666667,3
402,mammalia_primate_association_1,3.371428571,3.558441558,0.302857143,0.690909091,65,23,2.014104697,6.778581719,0.147523485,15,3,0.180493827,0.428571429,6.778581719,0.50965251,3
403,mammalia_primate_association_10,2.880952381,4.112676056,0.24829932,0.629107981,58,29,1.442925174,6.916312808,0.14458571,21,2,0.204861111,0.285714286,6.916312808,0.339779006,3
404,mammalia_primate_association_11,2.485714286,2.947368421,0.380357143,0.747532895,65,24,2.872949192,9.890351666,0.101108639,16,9,0.089322575,0.608333333,9.890351666,0.682442748,2
405,mammalia_primate_association_12,2.272727273,2.712328767,0.414772727,0.805650685,56,27,6.216252996,11.46389421,0.087230393,16,12,0.087362707,0.741666667,11.46389421,0.774089936,2
406,mammalia_primate_association_13,2.295081967,2.652173913,0.437377049,0.820869565,39,8,8.021557889,14.90485197,0.067092246,25,8,0.083758127,0.603333333,14.90485197,0.625298329,2
407,mammalia_primate_association_14,3,4,0.213225371,0.656943564,61,17,1.455939027,6.463018324,0.154726468,19,13,0.250743802,0.321637427,6.463018324,0.387417219,3
408,mammalia_primate_association_15,2.763636364,3.119565217,0.298484848,0.674818841,45,8,0.867377679,11.0283128,0.090675702,24,2,0.136864926,0.373188406,11.0283128,0.583018868,3
409,mammalia_primate_association_16,2.444444444,3.032967033,0.265185185,0.694065934,46,9,2.409616331,8.975523694,0.111414112,25,22,0.211233925,0.323333333,8.975523694,0.411917098,3
410,mammalia_primate_association_17,3,3.854166667,0.412698413,0.779761905,91,52,5,5.741657387,0.174165739,7,4,0,0.952380952,5.741657387,0.947368421,2
411,mammalia_primate_association_18,2.882352941,5,0.490196078,0.789473684,83,62,6,5,0.2,6,2,0,1,5,1,1
412,mammalia_primate_association_19,3.545454545,6.452830189,0.254545455,0.49245283,89,47,0.788386184,2.715937008,0.368197052,10,4,0.310650888,0.288888889,2.715937008,0,4
413,mammalia_primate_association_2,2.888888889,4.6,0.466666667,0.806666667,91,70,5,4,0.25,5,2,0,1,4,1,1
414,mammalia_primate_association_3,2.454545455,2.6,0.470247934,0.804278075,45,15,2.820665324,16.56749057,0.060359171,22,22,0.044892251,0.722943723,16.56749057,0.847651775,3
415,mammalia_primate_association_4,2.676470588,3.516129032,0.340686275,0.740591398,66,38,3.463228151,7.483030419,0.133635699,12,5,0.087344511,0.651515152,7.483030419,0.661921708,2
416,mammalia_primate_association_5,2.6,2.972222222,0.299047619,0.756481481,65,28,2.086387825,8.790883906,0.113754204,15,15,0.078569377,0.561904762,8.790883906,0.659482759,2
417,mammalia_primate_association_6,3.166666667,5.709090909,0.368055556,0.686363636,82,45,2.605829829,4.654253434,0.21485723,8,6,0.109567901,0.642857143,4.654253434,0.590909091,2
418,mammalia_primate_association_7,2.974358974,3.613333333,0.211875843,0.61122807,61,25,0.694780157,6.284496278,0.159121743,19,2,0.28967097,0.286549708,6.284496278,0.433460076,4
419,mammalia_primate_association_8,2.456140351,2.744444444,0.409048938,0.797660819,43,10,6.332389403,12.53079872,0.079803373,19,2,0.055363189,0.666666667,12.53079872,0.689863843,2
420,mammalia_primate_association_9,2.345454545,2.540229885,0.436363636,0.840290381,45,13,4.859079328,14.16221025,0.070610447,19,1,0.065861427,0.754385965,14.16221025,0.814814815,2
421,mammalia_primate_association,2.071428571,2.215053763,0.577714286,0.877849462,30,7,16.81215982,22.5104514,0.044423809,25,20,0.013367347,0.933333333,22.5104514,0.938589212,2
422,mammalia_raccoon_proximity_1,3.025641026,4.047058824,0.214046823,0.59488491,61,15,0.888219314,6.789498203,0.14728629,23,12,0.358528597,0.249011858,6.789498203,0.476712329,4
423,mammalia_raccoon_proximity_10,2.771428571,4.93902439,0.24962406,0.562259307,65,18,0.509267022,6.988203656,0.143098291,19,11,0.2966,0.292397661,6.988203656,0.573033708,5
424,mammalia_raccoon_proximity_11,2.861111111,4.802631579,0.219298246,0.551246537,64,24,0.725853507,5.971958091,0.167449266,19,15,0.371691871,0.269005848,5.971958091,0.495283019,4
425,mammalia_raccoon_proximity_12,2.909090909,4.37037037,0.218500797,0.535412606,67,19,0.162136368,6.917784926,0.144554942,19,13,0.323567708,0.280701754,6.917784926,0.624,7
426,mammalia_raccoon_proximity_13,3.153846154,4.475609756,0.256410256,0.59563543,61,18,0.456874493,7.74337459,0.129142661,19,3,0.260233918,0.333333333,7.74337459,0.616666667,4
427,mammalia_raccoon_proximity_14,3.105263158,4.333333333,0.260233918,0.637931034,62,13,0.694778268,8.04281703,0.124334546,18,15,0.295748348,0.385620915,8.04281703,0.676923077,3
428,mammalia_raccoon_proximity_15,2.707317073,4.341176471,0.226287263,0.633333333,59,15,1.01169859,6.515881868,0.153471168,18,18,0.265097876,0.320261438,6.515881868,0.468401487,4
429,mammalia_raccoon_proximity_16,3.076923077,5,0.212669683,0.559597523,74,24,0.623941064,6.333751644,0.157884309,17,8,0.307539683,0.308823529,6.333751644,0.6,4
430,mammalia_raccoon_proximity_17,2.84,6.027777778,0.2275,0.475694444,75,28,0.271401332,5.470822634,0.182787867,16,10,0.312777778,0.25,5.470822634,0.585365854,6
431,mammalia_raccoon_proximity_18,3.733333333,5.088888889,0.318518519,0.651851852,85,55,0.859945055,5.091196486,0.196417483,9,1,0.066481994,0.527777778,5.091196486,0.703703704,3
432,mammalia_raccoon_proximity_19,3,4.597560976,0.220043573,0.495695839,73,18,0.179046595,5.419104619,0.18453233,17,11,0.369795918,0.257352941,5.419104619,0.531914894,6
433,mammalia_raccoon_proximity_2,3.052631579,4.931818182,0.18062201,0.496384298,62,12,0.338200445,5.759066506,0.173639252,22,14,0.4442,0.216450216,5.759066506,0.524017467,7
434,mammalia_raccoon_proximity_20,2.878787879,4.215909091,0.215686275,0.505347594,67,12,0.179046595,5.419104619,0.18453233,17,11,0.369795918,0.257352941,5.419104619,0.531914894,6
435,mammalia_raccoon_proximity_21,3,7.441176471,0.21875,0.428571429,84,32,0.288071834,3.619924335,0.276248868,14,9,0.465,0.21978022,3.619924335,0.388888889,5
436,mammalia_raccoon_proximity_22,2.903225806,4.888888889,0.197580645,0.486979167,69,28,0.238947104,5.666739236,0.176468328,16,14,0.297061524,0.275,5.666739236,0.543478261,6
437,mammalia_raccoon_proximity_23,2.95,4.616438356,0.253571429,0.575342466,80,27,0.299075935,5.999509882,0.166680282,14,1,0.201660156,0.351648352,5.999509882,0.596153846,4
438,mammalia_raccoon_proximity_24,3.189189189,4.441558442,0.274131274,0.624304267,63,23,0.848119095,7.068049847,0.141481741,14,12,0.183521713,0.450549451,7.068049847,0.655870445,3
439,mammalia_raccoon_proximity_25,3.130434783,4.379310345,0.311036789,0.590185676,77,42,0.377986714,6.630525715,0.150817604,13,3,0.111428571,0.448717949,6.630525715,0.649484536,4
440,mammalia_raccoon_proximity_26,3.133333333,4.632352941,0.260416667,0.590073529,70,32,0.30517203,6.86617191,0.145641562,16,10,0.228741497,0.35,6.86617191,0.628205128,4
441,mammalia_raccoon_proximity_27,3.136363636,5.359375,0.338842975,0.568181818,78,36,0.333220789,5.538854291,0.180542753,11,7,0.1312,0.454545455,5.538854291,0.654545455,4
442,mammalia_raccoon_proximity_28,3.086956522,5.907407407,0.311594203,0.529320988,77,46,0.216526373,5.546744772,0.180285923,12,5,0.1848,0.378787879,5.546744772,0.735849057,6
443,mammalia_raccoon_proximity_29,3,5.403846154,0.368055556,0.716346154,82,48,0.959375777,5.04719095,0.198130011,8,6,0.049382716,0.642857143,5.04719095,0.77027027,3
444,mammalia_raccoon_proximity_3,2.548387097,4.963855422,0.148667602,0.445259298,69,17,0.230272741,5.336021852,0.187405529,23,6,0.4786,0.197628458,5.336021852,0.475247525,5
445,mammalia_raccoon_proximity_30,3.25,6.362068966,0.375,0.719827586,84,42,1.942213435,5.066104709,0.197390314,8,3,0.04432133,0.678571429,5.066104709,0.683544304,2
446,mammalia_raccoon_proximity_31,2.909090909,4.218181818,0.345454545,0.630909091,78,45,1,5.687241285,0.175832174,10,8,0.101134216,0.511111111,5.687241285,0.710526316,2
447,mammalia_raccoon_proximity_32,2.826086957,5.492957746,0.234113712,0.518959913,77,29,0.337301085,5.347576167,0.187000609,13,9,0.266803841,0.346153846,5.347576167,0.633027523,5
448,mammalia_raccoon_proximity_33,2.96,4.428571429,0.304615385,0.674725275,75,30,1.46220277,7.037932175,0.142087189,13,8,0.171268902,0.5,7.037932175,0.677824268,3
449,mammalia_raccoon_proximity_34,2.678571429,5.048387097,0.228021978,0.598014888,72,38,0.628933994,4.616753195,0.216602438,13,7,0.267011834,0.333333333,4.616753195,0.382978723,4
450,mammalia_raccoon_proximity_35,2.692307692,6.706896552,0.241758242,0.475369458,87,42,0.287092166,3.80481101,0.262825144,14,1,0.443289225,0.252747253,3.80481101,0.363636364,4
451,mammalia_raccoon_proximity_36,3.130434783,4.838709677,0.232919255,0.536866359,77,38,0.508978021,4.304559772,0.232311793,14,11,0.3288,0.274725275,4.304559772,0.392857143,4
452,mammalia_raccoon_proximity_37,2.571428571,7.314285714,0.193877551,0.420408163,93,30,0.219088716,3.435176229,0.29110588,14,3,0.405864198,0.197802198,3.435176229,0.333333333,5
453,mammalia_raccoon_proximity_38,3.533333333,7,0.28,0.528070175,85,43,0.635606283,3.646171072,0.274260308,10,9,0.2578125,0.355555556,3.646171072,0.409090909,4
454,mammalia_raccoon_proximity_39,3.739130435,9.381818182,0.247491639,0.440559441,77,45,0.28398322,4.126625698,0.242328739,13,9,0.34125,0.256410256,4.126625698,0.482142857,5
455,mammalia_raccoon_proximity_4,3.019230769,2.950617284,0.290064103,0.699588477,48,19,1.352302776,10.74555446,0.09306174,24,16,0.17995,0.362318841,10.74555446,0.614345114,4
456,mammalia_raccoon_proximity_40,3.5,5.135135135,0.216517857,0.502533784,72,26,0.416775667,5.507127255,0.181582875,16,16,0.365714286,0.291666667,5.507127255,0.568627451,4
457,mammalia_raccoon_proximity_41,2.416666667,4.9,0.229166667,0.622222222,76,20,0.595689664,6.856920228,0.145838068,18,12,0.311453146,0.307189542,6.856920228,0.584269663,4
458,mammalia_raccoon_proximity_42,2.958333333,6.074074074,0.181372549,0.469862019,76,19,0.142932382,5.531218756,0.180791982,17,8,0.445306122,0.257352941,5.531218756,0.642857143,6
459,mammalia_raccoon_proximity_43,2.833333333,5.61971831,0.23125,0.491197183,70,29,0.329478048,4.612598436,0.216797541,16,7,0.394173603,0.241666667,4.612598436,0.445544554,6
460,mammalia_raccoon_proximity_44,2.857142857,4.929824561,0.288095238,0.656432749,65,43,1.251309442,5.782990879,0.172920902,12,2,0.241415193,0.46969697,5.782990879,0.583892617,3
461,mammalia_raccoon_proximity_45,2.833333333,7.079365079,0.266025641,0.551892552,76,37,0.349726123,4.681683683,0.213598369,13,6,0.3496,0.320512821,4.681683683,0.573033708,5
462,mammalia_raccoon_proximity_46,2.928571429,5.315789474,0.232142857,0.542397661,86,43,0.635296764,4.416220883,0.226437949,12,6,0.369565217,0.348484848,4.416220883,0.512195122,3
463,mammalia_raccoon_proximity_47,2.764705882,4.938461538,0.221719457,0.537278107,83,35,0.614955365,4.160428268,0.240359871,13,1,0.350694444,0.307692308,4.160428268,0.394736842,4
464,mammalia_raccoon_proximity_48,3.157894737,6.8125,0.233082707,0.494419643,81,36,0.426515133,3.962659996,0.252355741,14,10,0.374291115,0.252747253,3.962659996,0.421875,5
465,mammalia_raccoon_proximity_49,2.636363636,6,0.268595041,0.585858586,78,37,0.643351691,4.420847511,0.226200971,11,1,0.354338843,0.4,4.420847511,0.648648649,4
466,mammalia_raccoon_proximity_5,2.872340426,4.02247191,0.209864603,0.637385087,53,11,0.605527505,7.185084974,0.139177199,22,17,0.33002896,0.29004329,7.185084974,0.480916031,4
467,mammalia_raccoon_proximity_50,2.793103448,5.153846154,0.19612069,0.506410256,71,22,0.419286533,4.929652,0.202854076,16,11,0.407254362,0.275,4.929652,0.568181818,4
468,mammalia_raccoon_proximity_51,3.173913043,6.492753623,0.228985507,0.51884058,77,31,0.484848687,4.987780784,0.200489966,15,9,0.380622837,0.323809524,4.987780784,0.563909774,5
469,mammalia_raccoon_proximity_52,2.931034483,5.328571429,0.215517241,0.526785714,71,30,0.616517316,5.217944604,0.191646343,16,12,0.300292969,0.266666667,5.217944604,0.463235294,4
470,mammalia_raccoon_proximity_6,3.380952381,3.552941176,0.256493506,0.665240642,58,15,1.303255415,7.846267596,0.127449133,22,4,0.314577778,0.324675325,7.846267596,0.51744186,4
471,mammalia_raccoon_proximity_7,2.98245614,3.085365854,0.263955343,0.6845898,43,18,1.896795545,8.631760075,0.115851227,22,6,0.218396788,0.354978355,8.631760075,0.498387097,3
472,mammalia_raccoon_proximity_8,3.166666667,3.93258427,0.222222222,0.589376915,64,11,0.779215027,6.746934808,0.148215453,22,15,0.350577802,0.264069264,6.746934808,0.472303207,4
473,mammalia_raccoon_proximity_9,2.688888889,4.159090909,0.247619048,0.573051948,55,12,0.742447019,7.670664951,0.130366794,21,16,0.262361111,0.285714286,7.670664951,0.547619048,4
474,mammalia_raccoon_proximity,2.197183099,2.292134831,0.53286385,0.85159176,29,11,6.756458993,19.65819196,0.050869378,24,1,0.037591041,0.81884058,19.65819196,0.888363292,2
475,mammalia_sheep_dominance,2.194805195,2.21978022,0.467532468,0.802197802,23,9,3.816172124,18.26325301,0.054754758,28,14,0.06016297,0.621693122,18.26325301,0.727788746,3
476,mammalia_spidermonkeys_contact,3.022727273,4.08,0.352941176,0.727843137,56,25,1.785377762,9.952334299,0.10047894,17,10,0.074795918,0.514705882,9.952334299,0.7171875,3
477,mammalia_vampire_bats_foodsharing,2.604651163,4.615384615,0.292358804,0.614163614,57,22,0.836495754,9.734664377,0.102725678,21,9,0.139949846,0.342857143,9.734664377,0.658423493,3
478,mammalia_voles_bhp_trapping_02,3,5.684210526,0.171745152,0.351800554,81,24,0.100924243,4.117892387,0.242842674,19,3,0.545280612,0.16374269,4.117892387,0.549295775,8
479,mammalia_voles_bhp_trapping_03,2.5,6.666666667,0.4,0.654320988,90,73,0.485863071,3.096507214,0.322944508,6,1,0.1796875,0.533333333,3.096507214,0.75,3
480,mammalia_voles_bhp_trapping_04,3.625,7.941176471,0.196428571,0.366596639,84,32,0.102528159,3.180203287,0.314445307,14,12,0.433641975,0.197802198,3.180203287,0.324324324,7
481,mammalia_voles_bhp_trapping_05,2.666666667,5.425287356,0.098809524,0.275862069,76,13,0.053866879,3.558493957,0.28101776,35,20,0.6598,0.084033613,3.558493957,0.390243902,9
482,mammalia_voles_bhp_trapping_06,4.058823529,7.474226804,0.10654828,0.297412955,83,3,0.039060489,5.052504092,0.197921661,53,23,0.677577855,0.061683599,5.052504092,0.428571429,11
483,mammalia_voles_bhp_trapping_07,2.954545455,7.123287671,0.181818182,0.367123288,78,27,0.104915268,3.561834406,0.280754209,15,15,0.488662132,0.2,3.561834406,0.4375,7
484,mammalia_voles_bhp_trapping_08,2.857142857,9.111111111,0.285714286,0.46875,93,64,0.300371852,2.46050487,0.406420655,8,1,0.2890625,0.285714286,2.46050487,0.272727273,5
485,mammalia_voles_bhp_trapping_09,2.833333333,7.145454545,0.25,0.414545455,94,45,0.202175651,3.113140562,0.321219033,10,5,0.434027778,0.266666667,3.113140562,0.571428571,5
486,mammalia_voles_bhp_trapping_10,3.65,7.283783784,0.1475,0.360135135,80,26,0.080979711,3.559344401,0.280950615,20,14,0.530864198,0.142105263,3.559344401,0.333333333,8
487,mammalia_voles_bhp_trapping_11,2.735294118,3.948979592,0.107843137,0.342403628,66,2,0.067130393,4.358307896,0.229446846,36,21,0.680828402,0.103174603,4.358307896,0.512195122,9
488,mammalia_voles_bhp_trapping_12,3.260869565,5.818181818,0.111204013,0.31973582,77,1,0.041177941,4.98703978,0.200519756,52,34,0.666829427,0.07239819,4.98703978,0.497191011,11
489,mammalia_voles_bhp_trapping_13,2.964285714,5.101010101,0.118181818,0.357575758,72,1,0.025442538,5.720350931,0.17481445,55,2,0.692435679,0.074747475,5.720350931,0.535469108,12
490,mammalia_voles_bhp_trapping_14,2.846153846,4.860465116,0.101010101,0.366807611,61,14,0.067715057,4.871214124,0.205287629,33,14,0.614545455,0.104166667,4.871214124,0.446153846,9
491,mammalia_voles_bhp_trapping_15,3,7.571428571,0.253846154,0.473214286,87,44,0.333048558,3.124417376,0.320059672,10,6,0.319526627,0.288888889,3.124417376,0.428571429,5
492,mammalia_voles_bhp_trapping_16,3.85,6.044444444,0.124137931,0.290804598,80,10,0.041634615,3.653567319,0.273705098,29,1,0.617028271,0.096059113,3.653567319,0.387096774,11
493,mammalia_voles_bhp_trapping_17,2.913043478,6.727272727,0.184143223,0.378787879,77,34,0.213013919,3.283159572,0.304584647,17,10,0.480371901,0.161764706,3.283159572,0.3125,6
494,mammalia_voles_bhp_trapping_18,3.277777778,6.708333333,0.137426901,0.328216374,82,28,0.098006169,3.32952331,0.300343294,19,12,0.54,0.14619883,3.32952331,0.381818182,7
495,mammalia_voles_bhp_trapping_19,2.4,10.14285714,0.285714286,0.530612245,95,65,0.340320958,2.476346575,0.403820697,7,7,0.3671875,0.380952381,2.476346575,0.5,4
496,mammalia_voles_bhp_trapping_20,2.375,6.310344828,0.139322917,0.370689655,68,13,0.102377041,4.141288341,0.24147075,24,8,0.5934375,0.144927536,4.141288341,0.475,6
497,mammalia_voles_bhp_trapping_21,3.085714286,4.363636364,0.106493506,0.322543618,65,1,0.031140075,6.11837905,0.163441982,44,5,0.659140625,0.084566596,6.11837905,0.563758389,11
498,mammalia_voles_bhp_trapping_22,3.586206897,3.68,0.093596059,0.350380952,71,0,0.007171106,6.042317269,0.165499419,105,12,0.772674858,0.042124542,6.042317269,0.555776892,26
499,mammalia_voles_bhp_trapping_23,3.225806452,5,0.121924549,0.355586302,69,2,0.027215909,5.965363031,0.167634391,59,49,0.715416667,0.070134424,5.965363031,0.551020408,14
500,mammalia_voles_bhp_trapping_24,3.551724138,3.3,0.090298071,0.36440678,71,0,0.009437979,7.344543866,0.136155494,118,94,0.775612132,0.040996668,7.344543866,0.603025937,23
501,mammalia_voles_bhp_trapping_25,3.239130435,4.010309278,0.121281465,0.394736842,54,3,0.073092353,6.458839258,0.154826581,38,17,0.584331253,0.109530583,6.458839258,0.568047337,9
502,mammalia_voles_bhp_trapping_26,3.46875,5.581395349,0.12109375,0.425387597,68,14,0.242919985,4.45384089,0.224525309,24,20,0.534613304,0.155797101,4.45384089,0.452054795,5
503,mammalia_voles_bhp_trapping_27,3.911764706,5.694736842,0.109322974,0.347368421,66,5,0.057450653,5.30617277,0.188459751,53,6,0.693061224,0.076197388,5.30617277,0.512195122,8
504,mammalia_voles_bhp_trapping_28,3.296296296,5.427083333,0.126200274,0.333719136,73,4,0.064332639,4.775514826,0.209401507,27,10,0.608931947,0.131054131,4.775514826,0.591549296,9
505,mammalia_voles_bhp_trapping_29,3.421052632,6.328358209,0.267942584,0.500678426,81,33,0.489062992,3.778457118,0.26465829,11,1,0.330449827,0.309090909,3.778457118,0.510638298,4
506,mammalia_voles_bhp_trapping_30,2.470588235,6.089552239,0.214285714,0.386993603,83,33,0.13274724,3.008548473,0.332386202,14,9,0.526234568,0.197802198,3.008548473,0.416666667,7
507,mammalia_voles_bhp_trapping_31,3,5.071428571,0.118333333,0.285238095,76,16,0.037474382,3.833019694,0.260890911,25,22,0.59825528,0.11,3.833019694,0.4,13
508,mammalia_voles_bhp_trapping_32,2.5,7.036363636,0.354166667,0.572727273,88,45,0.707598415,3.394425238,0.294600685,8,3,0.343195266,0.464285714,3.394425238,0.580645161,3
509,mammalia_voles_bhp_trapping_33,5,6,1,1,99,90,2,1,1,2,2,0,1,1,NA,1
510,mammalia_voles_bhp_trapping_34,2.545454545,8.595238095,0.318181818,0.556547619,89,58,0.627718677,3.390598579,0.294933174,8,2,0.210743802,0.392857143,3.390598579,0.535714286,3
511,mammalia_voles_bhp_trapping_35,2.916666667,6.771929825,0.314814815,0.528265107,88,43,0.458618735,3.335947023,0.299764952,9,2,0.319444444,0.333333333,3.335947023,0.5,3
512,mammalia_voles_bhp_trapping_36,3.16,6.6,0.153333333,0.399206349,75,30,0.176703184,4.110220352,0.243295958,18,2,0.483353151,0.189542484,4.110220352,0.558139535,7
513,mammalia_voles_bhp_trapping_37,2.375,8.459459459,0.357142857,0.586872587,92,63,0.422110508,2.807210247,0.356225545,7,2,0.1796875,0.380952381,2.807210247,0.4,4
514,mammalia_voles_bhp_trapping_38,3,10.66666667,1,1,99,88,2,1,1,2,2,0,1,1,NA,1
515,mammalia_voles_bhp_trapping_39,3.333333333,6.3,0.5,0.775,97,80,4,3,0.333333333,4,3,0,1,3,1,1
516,mammalia_voles_bhp_trapping_40,2,17.84615385,1,1,99,87,2,1,1,2,2,0,1,1,NA,1
517,mammalia_voles_bhp_trapping_41,4,9.8,1,1,99,95,2,1,1,2,2,0,1,1,NA,1
518,mammalia_voles_bhp_trapping_42,2,10.55555556,0.666666667,0.814814815,97,82,1,1.414213562,0.707106781,3,1,0,0.666666667,1.414213562,0,2
519,mammalia_voles_bhp_trapping_44,4.142857143,7.066666667,0.514285714,0.706666667,93,85,0.697224362,2.302775638,0.434258546,5,1,0.08,0.5,2.302775638,0.428571429,3
520,mammalia_voles_bhp_trapping_45,2.583333333,5.053571429,0.348484848,0.649350649,76,44,0.335920113,7.018868481,0.142473107,11,8,0.116024974,0.563636364,7.018868481,0.943820225,3
521,mammalia_voles_bhp_trapping_46,3.5,4.907216495,0.1,0.34702617,72,3,0.052406172,5.712423372,0.175057053,65,4,0.659790039,0.061538462,5.712423372,0.46875,11
522,mammalia_voles_bhp_trapping_47,3.545454545,5.734693878,0.117715618,0.345957614,67,2,0.061536486,5.684668031,0.175911767,52,15,0.654255319,0.070889894,5.684668031,0.455284553,8
523,mammalia_voles_bhp_trapping_48,4.634146341,3.31,0.099546228,0.383488372,59,0,0.023226047,6.867561311,0.145612096,86,67,0.699839995,0.049794802,6.867561311,0.466811752,11
524,mammalia_voles_bhp_trapping_49,3.304347826,3.8,0.111166008,0.335645933,54,5,0.049957611,6.537165664,0.152971494,44,30,0.65048223,0.091966173,6.537165664,0.582857143,9
525,mammalia_voles_bhp_trapping_50,2.95,4.988372093,0.119230769,0.296958855,80,14,0.051211285,3.515934396,0.284419414,26,23,0.604552469,0.110769231,3.515934396,0.37037037,11
526,mammalia_voles_bhp_trapping_51,2.75,7.017857143,0.198717949,0.384615385,88,44,0.128049347,3.199578091,0.312541207,13,9,0.479938272,0.230769231,3.199578091,0.405405405,7
527,mammalia_voles_bhp_trapping_52,2.916666667,6.238095238,0.302083333,0.547619048,88,58,0.296682402,2.690743736,0.371644459,8,3,0.355,0.357142857,2.690743736,0.529411765,4
528,mammalia_voles_bhp_trapping_53,4,8.931818182,0.303571429,0.538961039,92,56,0.467911114,2.685543933,0.372364044,7,5,0.21875,0.380952381,2.685543933,0.428571429,4
529,mammalia_voles_bhp_trapping_54,3.428571429,6.20754717,0.285714286,0.477987421,93,47,0.339601707,2.841937892,0.351872574,9,9,0.305,0.277777778,2.841937892,0.3,4
530,mammalia_voles_bhp_trapping_55,3.75,5.214285714,0.121732026,0.363545418,76,2,0.020529804,6.636773379,0.150675628,51,25,0.673197279,0.082352941,6.636773379,0.588785047,12
531,mammalia_voles_bhp_trapping_56,3.515151515,3.83908046,0.146290491,0.403884265,67,13,0.084866026,6.78565937,0.147369614,29,4,0.514794599,0.145320197,6.78565937,0.647727273,9
532,mammalia_voles_bhp_trapping_57,2.9375,6.469135802,0.163194444,0.381344307,84,19,0.109643563,4.271288871,0.234121369,18,4,0.501666667,0.196078431,4.271288871,0.566666667,7
533,mammalia_voles_bhp_trapping_58,2.794117647,5.154639175,0.091503268,0.303837342,66,3,0.124617167,3.782180808,0.264397725,36,8,0.641274238,0.09047619,3.782180808,0.37254902,8
534,mammalia_voles_bhp_trapping_59,2.4375,4.268041237,0.102393617,0.305988155,68,3,0.027293886,5.135104355,0.194738009,47,30,0.667578125,0.07400555,5.135104355,0.464788732,10
535,mammalia_voles_bhp_trapping_60,2.846153846,6.063157895,0.118401207,0.323839009,74,5,0.021782419,4.751449401,0.210462096,51,23,0.719835069,0.075294118,4.751449401,0.553846154,17
536,mammalia_voles_bhp_trapping_61,2.962962963,6.474358974,0.177777778,0.374358974,73,22,0.107102595,4.054229499,0.246655992,20,2,0.536940687,0.163157895,4.054229499,0.505617978,8
537,mammalia_voles_bhp_trapping_62,3,11.69565217,0.222222222,0.492753623,95,54,0.301881213,2.767182813,0.361378365,9,7,0.305,0.277777778,2.767182813,0.333333333,5
538,mammalia_voles_bhp_trapping_63,3.333333333,9.625,0.433333333,0.616666667,94,76,0.381966011,1.732050808,0.577350269,5,1,0.21875,0.4,1.732050808,0,4
539,mammalia_voles_bhp_trapping_64,2.72,7,0.121481481,0.292280232,75,17,0.039225303,3.519908395,0.284098303,27,4,0.627100073,0.105413105,3.519908395,0.392857143,12
540,mammalia_voles_bhp_trapping,3.926315789,2.46,0.098437041,0.47733416,5,0,0.007827373,12.12621159,0.082465986,1613,274,0.775685783,0.00350902,12.12621159,0.265744251,15
541,mammalia_voles_kcs_trapping_01,2.857142857,11.21428571,0.404761905,0.553571429,93,72,0.324869129,2.228328216,0.448766924,6,2,0.319444444,0.4,2.228328216,0.428571429,4
542,mammalia_voles_kcs_trapping_02,2.923076923,6.847222222,0.190045249,0.407679739,87,28,0.200607461,3.812893654,0.262268002,17,8,0.458545918,0.205882353,3.812893654,0.44,6
543,mammalia_voles_kcs_trapping_03,3.428571429,9.407407407,0.535714286,0.703703704,93,73,1,2.170086487,0.460811127,4,4,0,0.666666667,2.170086487,0.6,2
544,mammalia_voles_kcs_trapping_04,2.583333333,7.205882353,0.357142857,0.634453782,88,66,0.438447187,3.389963388,0.294988437,7,2,0.155,0.476190476,3.389963388,0.652173913,4
545,mammalia_voles_kcs_trapping_05,3.142857143,4.402173913,0.122751323,0.402979066,65,8,0.187283241,4.443088819,0.225068649,27,6,0.559302852,0.133903134,4.443088819,0.431372549,6
546,mammalia_voles_kcs_trapping_06,2.806451613,5.845238095,0.115207373,0.31505102,69,16,0.062117047,3.673829616,0.27219553,28,6,0.616299822,0.108465608,3.673829616,0.459183673,10
547,mammalia_voles_kcs_trapping_07,3,5.221052632,0.104444444,0.268421053,75,5,0.078629739,3.623104919,0.27600636,36,26,0.61316568,0.082539683,3.623104919,0.362903226,10
548,mammalia_voles_kcs_trapping_08,3.117647059,7.242857143,0.208144796,0.396703297,83,30,0.208212098,3.528517427,0.283405147,13,8,0.412037037,0.230769231,3.528517427,0.512195122,6
549,mammalia_voles_kcs_trapping_09,3,7.93877551,0.266233766,0.391465677,86,51,0.121359703,2.726183818,0.366813123,11,7,0.413194444,0.218181818,2.726183818,0.315789474,7
550,mammalia_voles_kcs_trapping_10,3.444444444,8.442307692,0.365079365,0.549450549,91,48,0.623921022,2.878881728,0.347357097,7,6,0.222222222,0.428571429,2.878881728,0.352941176,4
551,mammalia_voles_kcs_trapping_11,3,8.741935484,0.357142857,0.479262673,94,69,0.32171965,2.297008741,0.4353488,7,5,0.357142857,0.333333333,2.297008741,0.333333333,4
552,mammalia_voles_kcs_trapping_12,3.230769231,8.185185185,0.237762238,0.45959596,87,46,0.231176326,3.584645294,0.278967629,11,2,0.267857143,0.254545455,3.584645294,0.428571429,5
553,mammalia_voles_kcs_trapping_13,2.787878788,4.904761905,0.165945166,0.480725624,67,16,0.228325178,5.575197596,0.17936584,21,14,0.408163265,0.2,5.575197596,0.526315789,6
554,mammalia_voles_kcs_trapping_14,3.657894737,3.96,0.110121457,0.381384615,62,0,0.024600829,6.38802368,0.156542939,65,50,0.686530982,0.065865385,6.38802368,0.494057725,13
555,mammalia_voles_kcs_trapping_15,3.125,8.189655172,0.182692308,0.354111406,92,42,0.140647575,2.959685685,0.337873716,13,2,0.478515625,0.205128205,2.959685685,0.413793103,7
556,mammalia_voles_kcs_trapping_16,3.034482759,5.295918367,0.107015458,0.345707248,71,2,0.033453096,5.729301966,0.174541333,58,24,0.703816927,0.064730792,5.729301966,0.504950495,11
557,mammalia_voles_kcs_trapping_17,3,6.012195122,0.124579125,0.285907859,78,18,0.039342323,3.324966762,0.300754886,27,15,0.653739612,0.108262108,3.324966762,0.43902439,12
558,mammalia_voles_kcs_trapping_18,2.764705882,6.514705882,0.192156863,0.4,83,32,0.08360935,3.765724116,0.265553176,15,13,0.45463138,0.219047619,3.765724116,0.535714286,9
559,mammalia_voles_kcs_trapping_19,2.9,9.565217391,0.5,0.793478261,90,77,1,2.170086487,0.460811127,4,1,0,0.666666667,2.170086487,0.6,2
560,mammalia_voles_kcs_trapping_20,3.5,6.231707317,0.157894737,0.430038511,70,18,0.270743709,3.899259856,0.256458927,19,15,0.429444444,0.175438596,3.899259856,0.296703297,5
561,mammalia_voles_kcs_trapping_21,2.9375,5.034090909,0.126157407,0.344276094,68,12,0.038779523,4.706182193,0.212486461,27,16,0.625774793,0.125356125,4.706182193,0.515625,12
562,mammalia_voles_kcs_trapping_22,3.34375,4.204081633,0.117745536,0.361151603,68,2,0.044770231,6.292516891,0.158918922,56,33,0.714737144,0.076623377,6.292516891,0.56969697,13
563,mammalia_voles_kcs_trapping_23,2.964285714,4.460526316,0.167207792,0.416866029,72,24,0.098313091,6.160826592,0.162315882,22,5,0.446428571,0.181818182,6.160826592,0.644067797,7
564,mammalia_voles_kcs_trapping_24,3.3,4.02020202,0.096829268,0.381990638,50,1,0.052952825,7.78802611,0.12840224,82,51,0.708927908,0.056308341,7.78802611,0.511254019,12
565,mammalia_voles_kcs_trapping_25,4.176470588,3.48,0.094594595,0.390540541,66,0,0.043598367,6.442384478,0.155222031,111,83,0.734019097,0.039312039,6.442384478,0.454205607,13
566,mammalia_voles_kcs_trapping_26,3.441176471,3.26,0.088486677,0.324188034,66,0,0.00690306,8.130150951,0.122998946,117,23,0.77711015,0.034924845,8.130150951,0.551954242,23
567,mammalia_voles_kcs_trapping_27,3.844827586,2.91,0.108884747,0.431621622,42,0,0.065845459,9.289292821,0.107650821,111,17,0.726955556,0.049140049,9.289292821,0.569343066,14
568,mammalia_voles_kcs_trapping_28,3.551724138,3.5,0.095191841,0.357183099,71,0,0.030440999,6.425600678,0.155627474,71,29,0.743866667,0.060362173,6.425600678,0.575409836,16
569,mammalia_voles_kcs_trapping_29,3.166666667,6.294117647,0.163398693,0.412629758,82,32,0.107299599,4.422600947,0.226111289,17,15,0.475591716,0.191176471,4.422600947,0.56,9
570,mammalia_voles_kcs_trapping_30,2.578947368,6.819672131,0.230769231,0.491803279,81,39,0.663058262,4.076197785,0.245326663,13,1,0.335743802,0.282051282,4.076197785,0.454545455,4
571,mammalia_voles_kcs_trapping_31,3.166666667,6.735294118,0.466666667,0.723529412,94,66,1,2.685543933,0.372364044,5,3,0,0.6,2.685543933,0.545454545,2
572,mammalia_voles_kcs_trapping_32,2.944444444,8.919354839,0.182539683,0.344470046,82,38,0.153379608,2.945599143,0.339489507,14,12,0.486328125,0.175824176,2.945599143,0.310344828,7
573,mammalia_voles_kcs_trapping_33,2.428571429,7.275862069,0.452380952,0.626436782,93,71,0.631350628,2.445787042,0.408866341,6,4,0.166666667,0.4,2.445787042,0.3,3
574,mammalia_voles_kcs_trapping_34,2,7.636363636,0.666666667,0.787878788,99,78,1,1.414213562,0.707106781,3,2,0,0.666666667,1.414213562,0,2
575,mammalia_voles_kcs_trapping_35,3.125,10.03703704,0.5,0.688888889,92,73,0.518805696,2.214319743,0.451605963,5,4,0.22,0.5,2.214319743,0.5,3
576,mammalia_voles_kcs_trapping_36,3.4,7.694444444,0.314285714,0.547619048,90,64,0.267949192,2.253271607,0.443799139,7,2,0.357142857,0.333333333,2.253271607,0.333333333,4
577,mammalia_voles_kcs_trapping_37,3.52173913,7.611111111,0.111801242,0.282936508,77,10,0.030918335,3.603452524,0.277511635,28,1,0.617685733,0.103174603,3.603452524,0.35483871,12
578,mammalia_voles_kcs_trapping_38,2,9.6,0.5,0.725,95,70,1,2.170086487,0.460811127,4,2,0,0.666666667,2.170086487,0.6,2
579,mammalia_voles_kcs_trapping_39,4,9.217391304,0.5,0.684782609,96,77,0.585786438,1.618033989,0.618033989,4,1,0.166666667,0.5,1.618033989,0,3
580,mammalia_voles_kcs_trapping_40,2.25,8.40625,0.5,0.60625,96,68,0.518805696,2.214319743,0.451605963,5,2,0.22,0.5,2.214319743,0.5,3
581,mammalia_voles_kcs_trapping_41,NA,9.615384615,NA,1,100,87,2,1,1,2,2,0,1,1,NA,1
582,mammalia_voles_kcs_trapping_42,6,11.25,1,1,99,92,2,1,1,2,2,0,1,1,NA,1
583,mammalia_voles_kcs_trapping_43,3.5,6.352941176,0.833333333,0.862745098,98,83,3,2,0.5,3,3,0,1,2,1,1
584,mammalia_voles_kcs_trapping_44,2.333333333,6.926829268,0.361111111,0.585365854,91,59,0.404053336,3.584753965,0.278959173,8,2,0.184027778,0.428571429,3.584753965,0.6,4
585,mammalia_voles_kcs_trapping_45,2,7.826086957,0.466666667,0.582608696,97,77,0.381966011,1.732050808,0.577350269,5,2,0.21875,0.4,1.732050808,0,4
586,mammalia_voles_kcs_trapping_46,3,9.055555556,0.163793103,0.332638889,71,28,0.141820335,4.003711011,0.249768277,20,19,0.472565158,0.142105263,4.003711011,0.333333333,7
587,mammalia_voles_kcs_trapping_47,3.47826087,4.87755102,0.102898551,0.334183673,77,2,0.037165721,5.080363863,0.196836295,60,37,0.681322314,0.062146893,5.080363863,0.420918367,13
588,mammalia_voles_kcs_trapping_48,3.85,4.591836735,0.105405405,0.375206839,60,2,0.034166345,7.270001435,0.137551555,74,58,0.68102067,0.058496853,7.270001435,0.453947368,15
589,mammalia_voles_kcs_trapping_49,3,4.835294118,0.186507937,0.546778711,64,15,0.31101503,7.214714938,0.138605615,21,4,0.405304379,0.252380952,7.214714938,0.744897959,5
590,mammalia_voles_kcs_trapping_50,2.631578947,5.716216216,0.187134503,0.424924925,81,26,0.261161525,4.334207417,0.230722691,18,16,0.498535156,0.209150327,4.334207417,0.545454545,5
591,mammalia_voles_kcs_trapping_51,3.285714286,7.301587302,0.21978022,0.368742369,86,37,0.147694614,2.993087891,0.334103119,13,11,0.462890625,0.205128205,2.993087891,0.387096774,6
592,mammalia_voles_kcs_trapping_52,3,6.882352941,0.666666667,0.784313725,98,83,1,1.414213562,0.707106781,3,2,0,0.666666667,1.414213562,0,2
593,mammalia_voles_kcs_trapping_53,2.4,6.9,0.371428571,0.585714286,95,60,0.422110508,3.173197841,0.315139506,7,1,0.166666667,0.428571429,3.173197841,0.631578947,4
594,mammalia_voles_kcs_trapping_54,3.2,6.321428571,0.48,0.764285714,95,72,1,3.086130198,0.324030399,5,3,0.030612245,0.7,3.086130198,0.8,2
595,mammalia_voles_kcs_trapping_55,2.945945946,3.467391304,0.122717312,0.392773208,63,8,0.073961215,5.474694647,0.182658589,37,1,0.613140582,0.114114114,5.474694647,0.527687296,9
596,mammalia_voles_kcs_trapping_56,3.607142857,5.333333333,0.241758242,0.504723347,72,43,0.489925775,4.621193588,0.21639431,13,10,0.314744802,0.294871795,4.621193588,0.585365854,4
597,mammalia_voles_kcs_trapping_57,2.545454545,7.03125,0.164772727,0.333984375,89,36,0.073021322,3.071917492,0.325529576,16,13,0.505540166,0.158333333,3.071917492,0.315789474,8
598,mammalia_voles_kcs_trapping_58,3.666666667,5.829268293,0.275,0.615853659,85,59,0.375650899,3.417078286,0.29264767,8,3,0.210743802,0.392857143,3.417078286,0.6,5
599,mammalia_voles_kcs_trapping_59,2.727272727,5.25,0.172727273,0.440196078,78,32,0.171577889,4.49508471,0.222465218,15,10,0.3896,0.238095238,4.49508471,0.592105263,8
600,mammalia_voles_kcs_trapping_60,2.642857143,5.011627907,0.119747899,0.336867305,72,14,0.143248703,4.252233178,0.235170546,34,17,0.552514793,0.092691622,4.252233178,0.333333333,9
601,mammalia_voles_kcs_trapping_61,2.666666667,6.568181818,0.111952862,0.290633609,64,12,0.083318074,4.168339681,0.239903673,33,9,0.633,0.09469697,4.168339681,0.425373134,10
602,mammalia_voles_kcs_trapping_62,3.714285714,9.34,0.285714286,0.453333333,86,50,0.241988598,2.508079316,0.398711474,9,5,0.364197531,0.25,2.508079316,0.230769231,5
603,mammalia_voles_kcs_trapping_63,2.65,6.288461538,0.240909091,0.442307692,80,48,0.173449563,2.761384056,0.36213724,11,1,0.371527778,0.218181818,2.761384056,0.315789474,7
604,mammalia_voles_kcs_trapping_64,3.230769231,5.46,0.284615385,0.508,87,50,0.529671443,3.374792487,0.296314515,10,7,0.286666667,0.333333333,3.374792487,0.342857143,4
605,mammalia_voles_plj_trapping_01,2.833333333,8.757575758,0.566666667,0.654545455,94,67,0.697224362,2.302775638,0.434258546,5,2,0.08,0.5,2.302775638,0.428571429,3
606,reptilia_tortoise_network_fi,3.333333333,3.02,0.075268817,0.327137097,91,0,0.017623154,9.377258169,0.10664098,496,119,0.845917299,0.00801564,9.377258169,0.419774011,21
